grid,velocity,spread_rate,lambda,T,D,Y_H2,Y_H,Y_O,Y_O2,Y_OH,Y_H2O,Y_HO2,Y_H2O2,Y_C,Y_CH,Y_CH2,Y_CH2(S),Y_CH3,Y_CH4,Y_CO,Y_CO2,Y_HCO,Y_CH2O,Y_CH2OH,Y_CH3O,Y_CH3OH,Y_C2H,Y_C2H2,Y_C2H3,Y_C2H4,Y_C2H5,Y_C2H6,Y_HCCO,Y_CH2CO,Y_HCCOH,Y_N,Y_NH,Y_NH2,Y_NH3,Y_NNH,Y_NO,Y_NO2,Y_N2O,Y_HNO,Y_CN,Y_HCN,Y_H2CN,Y_HCNN,Y_HCNO,Y_HOCN,Y_HNCO,Y_NCO,Y_N2,Y_AR,Y_C3H7,Y_C3H8,Y_CH2CHO,Y_CH3CHO
0,0.0167833198,-6.12613799e-19,-5.72115786,300,0.655412645,0.00166480793,2.41003314e-15,-5.43295438e-16,6.6273158e-08,8.71155253e-15,0.00819343404,1.42982003e-13,1.30793474e-12,7.52696147e-15,1.37429478e-14,-6.15319584e-17,-3.55125134e-16,2.0345753e-09,0.953002608,0.00296241864,0.00243928497,2.98614394e-12,5.8568229e-08,1.27880676e-13,5.82376183e-15,4.43416012e-08,-2.94453236e-21,0.000552767869,2.79324798e-14,4.98218945e-05,1.8241202e-09,8.87431001e-06,-1.42957982e-15,3.74200583e-07,9.72270965e-08,-1.95490631e-14,-4.07951803e-16,1.56917151e-15,2.75479513e-06,2.8886059e-25,3.21569247e-06,1.443255e-10,2.22772412e-09,1.22633163e-12,2.05013302e-16,4.57778682e-06,1.54624742e-11,-1.2118608e-14,1.45528613e-08,5.99438601e-10,2.56381547e-07,-4.05702972e-16,0.0311145087,-3.25431794e-20,1.75695755e-10,5.51604103e-09,1.11334104e-10,8.59572154e-10
0.000375,0.0174022454,0.232971244,-5.72115786,313.863049,0.628944856,0.001795301,1.83847031e-15,-6.4017216e-16,8.39452026e-08,1.72959317e-16,0.0103680263,1.81299993e-13,1.6603587e-12,4.58924575e-16,1.94172518e-21,-1.27635723e-16,-5.09962281e-23,2.56527873e-09,0.940348608,0.00376616553,0.00329737835,4.07861433e-12,8.01268161e-08,1.75191604e-13,7.88125639e-15,6.08847123e-08,-1.76201987e-24,0.000741781309,3.75526201e-14,6.7521054e-05,2.51914377e-09,1.22763071e-05,-1.74231764e-15,5.30269682e-07,1.37777925e-07,-2.05195228e-15,9.69974833e-17,1.7417411e-15,3.50316385e-06,3.70190331e-25,4.0902556e-06,1.90002497e-10,3.01649332e-09,1.58139967e-12,2.60739058e-16,6.30273633e-06,2.13289985e-11,-9.42577644e-15,1.96895123e-08,8.1101946e-10,3.46875278e-07,-5.4842363e-16,0.0395877674,-3.22449029e-20,2.60617175e-10,8.19064609e-09,1.57922514e-10,1.22041029e-09
0.00075,0.0179524748,0.468592443,-5.72115786,330.267939,0.600727444,0.00192806342,3.30787446e-15,-8.93377445e-17,1.05250443e-07,2.16672186e-16,0.0129605036,2.72311398e-13,2.08613138e-12,2.54180956e-17,3.10991804e-28,-2.81013929e-17,2.64548056e-25,3.28750475e-09,0.924973221,0.00473944021,0.00439845431,5.76110926e-12,1.07998085e-07,2.45830888e-13,9.60132307e-15,8.2354993e-08,3.58309989e-26,0.000982573045,7.74009287e-14,9.02569905e-05,3.44867759e-09,1.67409353e-05,-5.34489164e-16,7.3951694e-07,1.92145731e-07,-2.22399582e-16,2.77270675e-16,1.97908859e-15,4.40104213e-06,1.52678491e-24,5.14955353e-06,2.46453754e-10,4.03012546e-09,2.00694347e-12,1.92358453e-17,8.54560823e-06,2.88780511e-11,-7.23145616e-15,2.62850295e-08,1.0826912e-09,4.63070049e-07,-9.55952087e-17,0.0498909069,-3.18425091e-20,3.80705047e-10,1.19214915e-08,2.20189095e-10,1.70505397e-09
0.001125,0.0184212933,0.70589778,-5.72115786,349.3476,0.571496327,0.00206122678,7.403998e-15,4.00849815e-17,1.30453216e-07,2.9137426e-16,0.0159832309,4.28906261e-13,2.5908105e-12,1.30426681e-18,3.09782943e-30,1.07071731e-17,1.24708049e-24,4.25964223e-09,0.906629069,0.00589593098,0.00577985795,8.25394063e-12,1.43146807e-07,3.50372813e-13,1.11514402e-14,1.09534709e-07,1.71798196e-25,0.00128256827,1.9187359e-13,0.000118792023,4.66650891e-09,2.24621104e-05,1.90888356e-16,1.01288251e-06,2.63172936e-07,-2.40512049e-17,6.92889641e-16,2.32175409e-15,5.45499168e-06,7.92734241e-24,6.40842765e-06,3.14504567e-10,5.3034269e-09,2.50988786e-12,9.3404321e-19,1.13887529e-05,3.8280757e-11,-5.46468568e-15,3.456357e-08,1.42368712e-09,6.08914952e-07,-8.34886759e-18,0.0622012712,-3.13169068e-20,5.45910881e-10,1.69827575e-08,3.01147091e-10,2.3391523e-09
0.0015,0.0187884278,0.9436357,-5.72115786,371.132215,0.5420678,0.00219279515,1.71870164e-14,1.04471229e-16,1.5965499e-07,3.84367491e-16,0.0194247053,6.76159746e-13,3.1766874e-12,6.32188143e-20,2.11745829e-29,3.4442321e-17,4.22077143e-24,5.55540238e-09,0.885176744,0.00724196389,0.00747079032,1.1708663e-11,1.86292099e-07,5.03728477e-13,1.25737805e-14,1.43022106e-07,7.9220366e-25,0.00164731285,4.81870444e-13,0.000153707124,6.22663704e-09,2.96040881e-05,8.13780967e-16,1.36002084e-06,3.53367745e-07,-2.53624212e-18,1.71537937e-15,2.84482316e-15,6.66343724e-06,4.24059425e-23,7.87362713e-06,3.94201111e-10,6.86355799e-09,3.09211544e-12,3.6507374e-20,1.48945798e-05,4.94653907e-11,-4.07591671e-15,4.46993672e-08,1.84118412e-09,7.87479535e-07,6.65236171e-18,0.0766298621,-3.06523966e-20,7.66004617e-10,2.36385266e-08,4.02964888e-10,3.14515365e-09
0.001875,0.0190283058,1.18030783,-5.72115786,395.553506,0.513215768,0.00232081344,4.01281279e-14,1.92584717e-16,1.92768189e-07,4.91434878e-16,0.0232489044,1.04054447e-12,3.84223149e-12,2.9462825e-21,5.61224099e-29,6.90267943e-17,1.63071786e-23,7.26836658e-09,0.860607718,0.00877511325,0.0094881462,1.59961998e-11,2.37791582e-07,7.26668357e-13,1.38196462e-14,1.83137416e-07,3.47759991e-24,0.00207963045,1.18992643e-12,0.000195313757,8.17893274e-09,3.82789081e-05,1.84599491e-15,1.78798502e-06,4.64562154e-07,-2.57629169e-19,4.14412286e-15,3.69293504e-15,8.01614717e-06,2.22769956e-22,9.54229621e-06,4.84580127e-10,8.72605127e-09,3.75042965e-12,1.27471206e-21,1.90954894e-05,6.18976591e-11,-3.00596812e-15,5.67912582e-08,2.33925348e-09,1.00050502e-06,1.36937624e-17,0.0932054387,-2.98389125e-20,1.04847923e-09,3.21050902e-08,5.26175412e-10,4.13871807e-09
0.00225,0.0191134411,1.41423117,-5.72115786,422.466392,0.485572046,0.00244352343,9.32352248e-14,3.31758216e-16,2.29514253e-07,6.07033537e-16,0.0273983228,1.53810861e-12,4.58202271e-12,9.86299017e-23,-1.48449879e-28,1.26394546e-16,6.78227792e-23,9.51901543e-09,0.833051346,0.0104839085,0.0118337403,2.03312737e-11,2.97571316e-07,1.0475458e-12,1.48025556e-14,2.2986323e-07,1.41508169e-23,0.00257909729,2.86982127e-12,0.000243597456,1.0563408e-08,4.85290069e-05,3.77866774e-15,2.30015325e-06,5.97632723e-07,-1.51011896e-20,9.70253469e-15,5.14653769e-15,9.49497951e-06,1.12134205e-21,1.14016758e-05,5.83559145e-10,1.08921187e-08,4.47325257e-12,4.45784423e-23,2.39876052e-05,7.42046487e-11,-2.19410591e-15,7.08457834e-08,2.91816485e-09,1.24810658e-06,2.32742024e-17,0.111867993,-2.88736308e-20,1.39500095e-09,4.25113946e-08,6.68616064e-10,5.32505531e-09
0.003,0.0187218052,1.86749623,-5.72115786,482.761281,0.435629318,0.00266821116,4.26785567e-13,7.6747778e-16,3.11839809e-07,8.9443367e-16,0.0363702576,2.9418368e-12,6.24300995e-12,1.26974494e-24,-3.02820388e-26,3.20832231e-16,9.23414525e-22,1.60029594e-08,0.770291294,0.0143352533,0.0174067161,2.39619099e-11,4.38761398e-07,2.07441269e-12,1.58444844e-14,3.40725776e-07,1.87741134e-22,0.00375543731,1.32958025e-11,0.000357852801,1.66105626e-08,7.33544711e-05,1.20724762e-14,3.55832037e-06,9.24516109e-07,6.60784627e-20,4.41499488e-14,1.1336067e-14,1.2728078e-05,2.07055758e-20,1.55901102e-05,7.96293124e-10,1.60361527e-08,5.99930543e-12,1.19357384e-22,3.55813935e-05,9.03288587e-11,-1.15981783e-15,1.04202702e-07,4.29215129e-09,1.83576179e-06,5.71443434e-17,0.154670075,-2.6529514e-20,2.23946764e-09,6.88212295e-08,9.88848202e-10,8.21308525e-09
0.00375,0.0174490848,2.29145751,-5.72115786,550.079703,0.3936635,0.00286090162,1.60793399e-12,1.4178012e-15,4.01554342e-07,1.96772915e-15,0.045689377,5.15601664e-12,8.05719358e-12,1.66316478e-26,-7.76531585e-25,6.37281631e-16,8.17915817e-21,2.6914963e-08,0.700338438,0.0185611107,0.0238729517,1.75848426e-11,6.00643457e-07,3.92563358e-12,1.7582015e-14,4.6849783e-07,3.1145042e-21,0.00510572204,4.77842651e-11,0.000489514576,2.39391027e-08,0.000102702634,3.4018766e-14,5.06515788e-06,1.31595701e-06,1.04337946e-18,1.58596668e-13,3.0863682e-14,1.61339352e-05,2.52606324e-19,2.01817338e-05,9.98775387e-10,2.19891624e-08,7.28162164e-12,1.97782111e-21,4.8910096e-05,6.30375095e-11,-5.62334418e-16,1.42821547e-07,5.88288218e-09,2.5161103e-06,1.19279353e-16,0.202883349,-2.37630507e-20,2.90869181e-09,1.00445699e-07,1.25428956e-09,1.1477164e-08
0.0045,0.0152447719,2.67485041,-5.72115786,623.106952,0.358967759,0.00302032074,4.90556819e-12,2.13794486e-15,4.93765078e-07,9.82406654e-15,0.0548146902,8.78124138e-12,9.92449619e-12,1.04495711e-28,-6.74075404e-24,1.01313931e-15,4.7541222e-20,4.5927475e-08,0.626716378,0.0229293827,0.0308682615,1.18740753e-11,7.73169216e-07,6.72727465e-12,2.06650321e-14,6.05294783e-07,9.97768446e-20,0.00655125991,1.31476724e-10,0.000630774858,3.06840188e-08,0.000134876549,9.70548045e-14,6.73256628e-06,1.74899291e-06,1.84939865e-17,4.47005441e-13,8.77898268e-14,1.95149658e-05,2.04209877e-18,2.49237563e-05,1.15535035e-09,2.83894633e-08,7.89648692e-12,5.11398381e-20,6.31335553e-05,1.99552654e-11,-2.02490504e-16,1.8448014e-07,7.59881712e-09,3.24997558e-06,2.20315662e-16,0.25421243,-2.07467511e-20,2.32277466e-09,1.33723582e-07,1.27796335e-09,1.44176358e-08
0.00525,0.0121317673,3.00923656,-5.72115786,700.74531,0.330276158,0.00314930221,1.25954228e-11,2.77981075e-15,5.84190199e-07,6.49771445e-14,0.0633563484,1.26879074e-11,1.17452423e-11,-3.78530859e-28,-1.18350748e-23,1.36715898e-15,2.09179632e-19,7.97323605e-08,0.552842996,0.0272306444,0.0380073108,8.5289793e-12,9.46425412e-07,9.28994279e-12,2.24870403e-14,7.43194486e-07,2.92169346e-18,0.00801200008,2.87928506e-10,0.000773638217,3.30406263e-08,0.000167980679,2.82839688e-13,8.46030886e-06,2.19755748e-06,3.03952547e-16,1.02422475e-12,2.39833547e-13,2.27208214e-05,1.17164324e-17,2.95896618e-05,1.22840713e-09,3.4840098e-08,8.07104335e-12,9.40013292e-19,7.74194179e-05,6.18050976e-12,-2.84662298e-17,2.2686227e-07,9.34455076e-09,3.99646893e-06,5.07568601e-16,0.306312555,-1.76663232e-20,8.18800104e-10,1.63503105e-07,8.56794803e-10,1.59345685e-08
0.006,0.00817908824,3.28985186,-5.72115786,782.022337,0.306338345,0.00325296963,2.87770002e-11,3.33342435e-15,6.69781569e-07,3.93667286e-13,0.0711027741,1.41339642e-11,1.33391986e-11,3.81735888e-27,1.61494899e-24,1.79891211e-15,9.14429947e-19,1.40043648e-07,0.481496348,0.0313108609,0.0449626766,6.74856417e-12,1.11264642e-06,8.8417436e-12,2.35650307e-14,8.75859967e-07,5.69304044e-17,0.00942262749,5.32710039e-10,0.00091152914,2.79356252e-08,0.000200334132,7.91185639e-13,1.01584445e-05,2.63876964e-06,3.64240816e-15,2.01744879e-12,6.17866955e-13,2.56625967e-05,5.1973061e-17,3.40141828e-05,1.19606411e-09,4.09822335e-08,8.6770204e-12,1.13659513e-17,9.11119172e-05,2.48321853e-12,-9.48221043e-19,2.68038435e-07,1.10407641e-08,4.72141047e-06,1.77467168e-15,0.357168223,-1.46800714e-20,2.94931405e-10,1.85627218e-07,2.98682555e-10,1.5451994e-08
0.00675,0.00347848396,3.51556549,-5.72115786,865.996503,0.286127113,0.00333711611,6.19741084e-11,4.0229924e-15,7.48805054e-07,2.0763029e-12,0.0779914783,1.20777006e-11,1.40835835e-11,1.55459504e-25,3.55996893e-23,3.15350264e-15,5.11351208e-18,2.49136649e-07,0.414602028,0.035078841,0.0515034913,6.05937177e-12,1.26701008e-06,6.82985327e-12,2.77597461e-14,9.99196215e-07,7.61018906e-16,0.0107394511,8.94684679e-10,0.00103996878,1.79397893e-08,0.000230693523,2.08917017e-12,1.17599377e-05,3.05653427e-06,2.98191903e-14,3.59699734e-12,1.52148108e-12,2.83057791e-05,1.9374443e-16,3.81004989e-05,1.07098261e-09,4.6534771e-08,1.0627303e-11,9.86550891e-17,0.000103793502,1.24942619e-12,-7.0064285e-21,3.06689901e-07,1.26339348e-08,5.40121551e-06,6.76471737e-15,0.405282652,-1.18988341e-20,1.41611137e-10,1.98272922e-07,8.76484384e-11,1.38275936e-08
0.0075,-0.00187027821,3.68819517,-5.72115786,951.71325,0.268861682,0.00340713563,1.33150531e-10,5.44848179e-15,8.20598894e-07,9.85598918e-12,0.0840581888,9.27224018e-12,1.26406122e-11,4.75586353e-24,4.91505674e-22,1.11367182e-14,3.72720252e-17,4.55848999e-07,0.353269259,0.0384965089,0.0574972388,6.37187974e-12,1.40757575e-06,6.03461547e-12,4.00792903e-14,1.11126278e-06,7.65109712e-15,0.0119395358,1.47424909e-09,0.00115645669,1.04104592e-08,0.00025829089,5.36607491e-12,1.32251327e-05,3.44256928e-06,1.70053474e-13,6.07559012e-12,3.70571758e-12,3.06536641e-05,6.56101552e-16,4.18090166e-05,8.9309462e-10,5.12982058e-08,1.48358695e-11,6.7960483e-16,0.000115263758,7.90475721e-13,3.90469023e-21,3.42109552e-07,1.40975948e-08,6.02280568e-06,2.3729569e-14,0.449702539,-9.38470144e-21,8.68758862e-11,2.02516748e-07,3.29405302e-11,1.18321737e-08
0.00825,-0.0077698586,3.81205637,-5.72115786,1038.74456,0.253839041,0.00346744183,3.02138271e-10,8.91519804e-15,8.85278589e-07,4.45635591e-11,0.0893911932,7.91529426e-12,8.46545488e-12,1.27444801e-22,7.90319103e-21,8.2994443e-14,3.54674686e-16,8.83901908e-07,0.297922078,0.0415642416,0.0628946676,8.08388737e-12,1.53514829e-06,6.74047897e-12,7.03014036e-14,1.21198473e-06,6.41861266e-14,0.0130166577,2.54171258e-09,0.00126002914,7.28829216e-09,0.000282732205,1.41183286e-11,1.4538018e-05,3.79671329e-06,7.07209029e-13,1.02335137e-11,9.3927691e-12,3.27313933e-05,2.17737195e-15,4.51412339e-05,7.00276418e-10,5.51386356e-08,2.30218202e-11,4.10723163e-15,0.000125488497,6.40201401e-13,1.71534702e-20,3.74113174e-07,1.54317311e-08,6.58181562e-06,7.88478347e-14,0.489967499,-7.15837058e-21,6.705965e-11,2.00377764e-07,1.67524003e-11,9.80852572e-09
0.009,-0.014127723,3.89311172,-5.72115786,1126.00339,0.24072597,0.00352128378,7.58940416e-10,1.74880421e-14,9.43463508e-07,2.02089562e-10,0.0940969224,8.38981727e-12,4.44707492e-12,3.74885407e-21,1.51724967e-19,7.87331433e-13,4.08945802e-15,1.876362e-06,0.248466548,0.04430611,0.0677075289,1.27111186e-11,1.6538653e-06,9.71416976e-12,1.48738833e-13,1.30308883e-06,4.86823922e-13,0.0139762041,4.75014743e-09,0.00135062768,7.16893081e-09,0.000303729575,4.00290118e-11,1.57000229e-05,4.12869001e-06,2.22780381e-12,1.8178059e-11,2.61570769e-11,3.45732752e-05,7.52028825e-15,4.81240033e-05,5.15591424e-10,5.79481841e-08,3.97657566e-11,2.35133901e-14,0.000134541529,6.84284051e-13,1.10953486e-19,4.02940535e-07,1.6667194e-08,7.08021015e-06,2.67600841e-13,0.52602043,-5.21046047e-21,6.5465858e-11,1.92662803e-07,1.17104137e-11,7.8998101e-09
0.0105,-0.0278744379,3.95063561,-5.72115786,1298.56211,0.218997784,0.00361773132,5.09720556e-09,8.93056208e-14,1.0436704e-06,3.46311125e-09,0.102009649,1.45281281e-11,2.10180748e-12,3.85766585e-19,5.68427974e-17,3.82501398e-11,3.45236767e-13,8.50074276e-06,0.165582457,0.0489448871,0.0757596381,4.32337556e-11,1.89590389e-06,3.10131409e-11,8.33332951e-13,1.46997919e-06,1.85247901e-11,0.015586518,1.5954215e-08,0.00149414928,1.46182018e-08,0.000333343768,3.15876448e-10,1.76200663e-05,4.80529065e-06,1.11113842e-11,5.7496942e-11,2.0637577e-10,3.76792757e-05,8.2919966e-14,5.31885413e-05,2.08308312e-10,6.01544923e-08,1.26206008e-10,5.68654763e-13,0.000149605604,1.32201453e-12,7.30775179e-18,4.5311662e-07,1.9093528e-08,7.91698419e-06,2.83048491e-12,0.586387165,-2.04680055e-21,8.74674957e-11,1.57476736e-07,1.01904147e-11,4.57712327e-09
0.01125,-0.0350901031,3.93685154,-5.72115786,1381.32777,0.210138714,0.00366284851,1.62483318e-08,3.09847899e-13,1.08953157e-06,1.58710445e-08,0.105377523,2.20224458e-11,1.98357364e-12,1.33199535e-17,1.24725509e-15,2.29773933e-10,2.98869798e-12,2.13559184e-05,0.131205658,0.0509063581,0.0791009237,1.11099051e-10,2.15619049e-06,8.48089743e-11,2.65737341e-12,1.59957489e-06,1.15518068e-10,0.0162586402,3.5971643e-08,0.00154100875,3.44909714e-08,0.000337692819,1.0771827e-09,1.86222356e-05,5.46403604e-06,1.76066412e-11,1.17531355e-10,7.07437261e-10,3.89912364e-05,3.20147501e-13,5.53776055e-05,1.09001276e-10,5.86935852e-08,2.61383168e-10,2.96737864e-12,0.000155829286,2.72985748e-12,8.22113853e-17,4.79351347e-07,2.12872778e-08,8.27933237e-06,1.07980984e-11,0.611299774,-7.75681115e-22,1.36230862e-10,1.39863314e-07,1.47025482e-11,3.2841274e-09
0.012,-0.042436535,3.89964373,-5.72115786,1461.13718,0.202325695,0.00370611665,4.81078427e-08,1.4795636e-12,1.1373697e-06,6.39786596e-08,0.108430224,3.17495952e-11,2.00874976e-12,3.49598503e-16,2.33007691e-14,1.24978651e-09,2.2024596e-11,4.80844294e-05,0.100973663,0.0526628948,0.0820386678,2.94176424e-10,2.70832713e-06,2.61097304e-10,8.57891363e-12,1.83126035e-06,6.04703739e-10,0.0168423276,7.82335151e-08,0.00156408818,8.49263943e-08,0.000328478463,3.4595144e-09,2.00954389e-05,6.70299236e-06,2.41038731e-11,2.18220958e-10,2.23035839e-09,4.01546777e-05,1.11555521e-12,5.74511089e-05,5.22427926e-11,5.51327969e-08,4.91548845e-10,1.33301115e-11,0.000161236814,5.65005367e-12,8.67891484e-16,5.1284723e-07,2.53446125e-08,8.63312018e-06,3.73688237e-11,0.633104491,3.20349032e-22,2.02716522e-10,1.33303662e-07,2.26827049e-11,2.28669792e-09
0.012375,-0.0461397431,3.87325126,-5.72115786,1499.86876,0.198756267,0.0037256831,8.07550565e-08,3.58242111e-12,1.16701587e-06,1.23212565e-07,0.109854497,3.77781417e-11,2.12084181e-12,1.90854206e-15,9.60717192e-14,2.83377811e-09,5.6592307e-11,6.92091781e-05,0.0872842815,0.0534722347,0.0833693711,4.97112714e-10,3.25898676e-06,4.8424659e-10,1.57865932e-11,2.03125878e-06,1.30612324e-09,0.0170842775,1.14206416e-07,0.00155940795,1.32655777e-07,0.000315984283,6.20371283e-09,2.13938065e-05,7.75048452e-06,2.7326798e-11,2.90336414e-10,3.86029341e-09,4.06703724e-05,2.01304233e-12,5.85515468e-05,3.78327487e-11,5.26145993e-08,6.56873096e-10,2.69098155e-11,0.000163580564,8.06775292e-12,2.77605185e-15,5.38305954e-07,2.88205277e-08,8.8334881e-06,6.755676e-11,0.642956592,8.10558293e-22,2.41300205e-10,1.35410449e-07,2.92685758e-11,1.92671099e-09
0.01275,-0.0498570371,3.84211874,-5.72115786,1537.87217,0.195373493,0.00374281719,1.3248294e-07,8.88205776e-12,1.20378749e-06,2.29851741e-07,0.111216774,4.48757551e-11,2.34954011e-12,9.56396387e-15,3.76169518e-13,6.20409122e-09,1.38051332e-10,9.6099032e-05,0.0745164461,0.0542374875,0.0846109978,8.55323459e-10,4.06914141e-06,9.09875475e-10,2.91793604e-11,2.29718741e-06,2.70484631e-09,0.017278611,1.64104347e-07,0.00153938052,2.01858385e-07,0.00029675515,1.10763161e-08,2.32138935e-05,9.14004569e-06,3.0918759e-11,3.8146783e-10,6.51820302e-09,4.11336372e-05,3.53142912e-12,5.97634858e-05,3.06285611e-11,4.9752026e-08,8.64151962e-10,5.23656912e-11,0.000165636316,1.13327533e-11,8.57922081e-15,5.72682639e-07,3.34976013e-08,9.06435641e-06,1.19264089e-10,0.652147556,1.2649152e-21,2.79344536e-10,1.37829759e-07,3.84596292e-11,1.66160048e-09
0.013125,-0.0535881328,3.80661,-5.72115786,1575.30848,0.192141697,0.00375560214,2.12877205e-07,2.20876798e-11,1.2532298e-06,4.17164712e-07,0.112522098,5.35852342e-11,2.78052633e-12,4.53089244e-14,1.39721581e-12,1.30663567e-08,3.19631636e-10,0.000128732728,0.0626506444,0.0549596917,0.0857679643,1.49630018e-09,5.22347518e-06,1.70877163e-09,5.38615675e-11,2.62858272e-06,5.39218155e-09,0.0174005972,2.31412595e-07,0.0014971765,2.96411272e-07,0.000269985556,1.97694945e-08,2.5692429e-05,1.09097905e-05,3.54600373e-11,5.00385921e-10,1.07718863e-08,4.1529687e-05,6.03964943e-12,6.11972294e-05,2.87621657e-11,4.6777841e-08,1.1290269e-09,9.86413965e-11,0.000167324336,1.56433192e-11,2.55248172e-14,6.20169972e-07,3.9584698e-08,9.34664185e-06,2.06757041e-10,0.660720344,1.44723673e-21,3.13093516e-10,1.37235687e-07,5.14603225e-11,1.48820229e-09
0.0135,-0.0573383584,3.76706268,-5.72115786,1612.47432,0.189014908,0.00376103981,3.35652342e-07,5.4468448e-11,1.32442301e-06,7.40070696e-07,0.113775382,6.48119982e-11,3.57414378e-12,2.01575702e-13,4.91791247e-12,2.64008346e-08,7.02848008e-10,0.0001662934,0.0516881455,0.0556376197,0.0868454261,2.6408528e-09,6.79746368e-06,3.1647557e-09,9.83514034e-11,3.0083776e-06,1.03851975e-08,0.0174108602,3.18394831e-07,0.0014241339,4.16212923e-07,0.000235904395,3.5223854e-08,2.89065297e-05,1.30707139e-05,4.20639327e-11,6.63558289e-10,1.74617322e-08,4.18346051e-05,1.00961835e-11,6.30195801e-05,3.11288857e-11,4.40149861e-08,1.47915138e-09,1.80606849e-10,0.000168521762,2.12046025e-11,7.28006177e-14,6.85926249e-07,4.72544261e-08,9.70695398e-06,3.53949188e-10,0.668716186,1.30959654e-21,3.37500161e-10,1.30816541e-07,6.97662333e-11,1.3979994e-09
0.0136875,-0.0592256,3.74586266,-5.72115786,1631.13394,0.187469258,0.00375932574,4.19022276e-07,8.53335928e-11,1.37411785e-06,9.79732677e-07,0.114384564,7.19173929e-11,4.20121323e-12,4.23002626e-13,9.06068037e-12,3.69840401e-08,1.0242695e-09,0.000186506048,0.0465556607,0.0559579345,0.0873573349,3.51304761e-09,7.76543718e-06,4.27378096e-09,1.32001398e-10,3.20443546e-06,1.42506728e-08,0.0173509307,3.69130916e-07,0.00137250383,4.84156291e-07,0.000216609189,4.70074859e-08,3.07909123e-05,1.42974988e-05,4.68367847e-11,7.71801546e-10,2.21148597e-08,4.19381389e-05,1.29623022e-11,6.41743424e-05,3.38907669e-11,4.28663455e-08,1.70286492e-09,2.42328849e-10,0.000168865207,2.45371959e-11,1.21116983e-13,7.28206289e-07,5.17724698e-08,9.92935655e-06,4.62449647e-10,0.672512957,1.25682704e-21,3.44408076e-10,1.24883554e-07,8.1454637e-11,1.38070315e-09
0.013875,-0.0611232982,3.72375509,-5.72115786,1649.91794,0.185926862,0.00375399543,5.21183545e-07,1.33484859e-10,1.43595027e-06,1.29273527e-06,0.114982601,8.0354297e-11,5.05855128e-12,8.72910554e-13,1.64878307e-11,5.12964437e-08,1.47575392e-09,0.0002072878,0.0416639629,0.0562642567,0.0878522225,4.66736777e-09,8.85699897e-06,5.73526617e-09,1.76183847e-10,3.3985086e-06,1.94153131e-08,0.0172385103,4.24011818e-07,0.00131009202,5.55498791e-07,0.000196174251,6.261037e-08,3.28427676e-05,1.5617157e-05,5.3200771e-11,9.05111354e-10,2.79067155e-08,4.20024391e-05,1.65696674e-11,6.55310332e-05,3.78042454e-11,4.19296997e-08,1.97006837e-09,3.23496553e-10,0.000169009785,2.82793725e-11,1.9931371e-13,7.77575006e-07,5.67779567e-08,1.01838749e-05,6.0392215e-10,0.676178053,1.20619114e-21,3.47032234e-10,1.17102746e-07,9.51034486e-11,1.38076164e-09
0.0140625,-0.0630344144,3.70077788,-5.72115786,1668.91396,0.184378927,0.00374426614,6.46218589e-07,2.08789176e-10,1.51363331e-06,1.70183903e-06,0.115570164,9.05443748e-11,6.23901093e-12,1.78364709e-12,2.9660954e-11,7.04821312e-08,2.10387446e-09,0.00022830045,0.0370199767,0.0565545469,0.0883318202,6.18838194e-09,1.00740781e-05,7.64639832e-09,2.337426e-10,3.58417227e-06,2.62769848e-08,0.017062986,4.82005144e-07,0.00123649665,6.28196474e-07,0.000174994736,8.32216543e-08,3.50387976e-05,1.70251046e-05,6.19851073e-11,1.07248035e-09,3.51145374e-08,4.20191283e-05,2.11022004e-11,6.71390242e-05,4.30676639e-11,4.12651832e-08,2.29430491e-09,4.30045066e-10,0.000168921428,3.24756603e-11,3.24584537e-13,8.35010789e-07,6.23199675e-08,1.04748486e-05,7.89213784e-10,0.679715915,1.15760861e-21,3.44931571e-10,1.07599052e-07,1.10908392e-10,1.39754043e-09
0.01425,-0.0649624428,3.67696811,-5.72115786,1688.22018,0.182816353,0.00372926672,7.99108156e-07,3.27110349e-10,1.61212146e-06,2.23752312e-06,0.11614797,1.03062055e-10,7.87636882e-12,3.61365913e-12,5.27903658e-11,9.59881982e-08,2.97009876e-09,0.000249148787,0.0326318529,0.056825908,0.088798389,8.18330968e-09,1.1415832e-05,1.01269487e-08,3.08154094e-10,3.75468655e-06,3.53426239e-08,0.0168126558,5.41526533e-07,0.00115186323,6.99657557e-07,0.000153512642,1.10344669e-07,3.73453967e-05,1.85145121e-05,7.45059804e-11,1.28608971e-09,4.40798246e-08,4.19777274e-05,2.6790031e-11,6.90574745e-05,4.99933502e-11,4.09362795e-08,2.69320248e-09,5.69757821e-10,0.000168560458,3.71806803e-11,5.23214317e-13,9.01601258e-07,6.84614998e-08,1.08065183e-05,1.03306289e-09,0.683130687,1.11100292e-21,3.3787306e-10,9.66422001e-08,1.29018646e-10,1.43114808e-09
0.0144375,-0.0669113455,3.65236213,-5.72115786,1707.94336,0.181230039,0.00370804945,9.85946261e-07,5.14338673e-10,1.73812674e-06,2.94088885e-06,0.11671681,1.18707954e-10,1.01656492e-11,7.26667123e-12,9.30125574e-11,1.29630268e-07,4.15494876e-09,0.000269368466,0.0285086452,0.0570743281,0.0892548823,1.07874243e-08,1.28780178e-05,1.3323296e-08,4.03635085e-10,3.90313554e-06,4.72509153e-08,0.0164750637,6.0038861e-07,0.00105700756,7.66747225e-07,0.000132196936,1.4588179e-07,3.97168929e-05,2.00749055e-05,9.29097816e-11,1.56266452e-09,5.52262587e-08,4.18651256e-05,3.39219536e-11,7.13572578e-05,5.90444519e-11,4.10101088e-08,3.18999508e-09,7.52874536e-10,0.000167880832,4.24643692e-11,8.34905992e-13,9.7856964e-07,7.52809887e-08,1.11828095e-05,1.35567155e-09,0.686426162,1.0663009e-21,3.25868197e-10,8.46228305e-08,1.49508969e-10,1.48270334e-09
0.014625,-0.0688854338,3.62699567,-5.72115786,1728.19582,0.179611297,0.00367960916,1.21414743e-06,8.13380338e-10,1.90090076e-06,3.86758147e-06,0.117277585,1.38614236e-10,1.33930452e-11,1.45137807e-11,1.62290362e-10,1.73650292e-07,5.76255145e-09,0.000288412446,0.0246598574,0.0572943612,0.0897051403,1.41696094e-08,1.44518844e-05,1.74111863e-08,5.2521876e-10,4.02250089e-06,6.27909449e-08,0.0160375339,6.55778614e-07,0.00095348786,8.25823657e-07,0.000111521785,1.92212689e-07,4.20934057e-05,2.16901026e-05,1.20751304e-10,1.92511104e-09,6.90740885e-08,4.16649362e-05,4.28592021e-11,7.41233198e-05,7.08932231e-11,4.15583117e-08,3.81508294e-09,9.92839446e-10,0.000166829241,4.84188807e-11,1.31866634e-12,1.06730357e-06,8.28723285e-08,1.16070212e-05,1.7847766e-09,0.689605734,1.02343249e-21,3.09186342e-10,7.20232807e-08,1.72336949e-10,1.55460033e-09
0.0148125,-0.0708891846,3.60090387,-5.72115786,1749.09105,0.177952348,0.00364291034,1.4926502e-06,1.29647829e-09,2.11344154e-06,5.09309461e-06,0.117831368,1.64407164e-10,1.79809028e-11,2.87992408e-11,2.80396858e-10,2.30748026e-07,7.92490527e-09,0.000305637193,0.0210948473,0.0574787334,0.0901541182,1.85371562e-08,1.6122446e-05,2.25956566e-08,6.78757427e-10,4.10571674e-06,8.29087127e-08,0.0154879355,7.04308359e-07,0.000843604221,8.72836283e-07,9.19441474e-05,2.52268992e-07,4.43986391e-05,2.33354321e-05,1.63987485e-10,2.40459647e-09,8.62507077e-08,4.135673e-05,5.40507337e-11,7.74575089e-05,8.65101416e-11,4.26586512e-08,4.60774785e-09,1.3072017e-09,0.000165344054,5.51693312e-11,2.06036607e-12,1.16938106e-06,9.13427742e-08,1.20813696e-05,2.35842149e-09,0.692672344,9.82330407e-22,2.88336304e-10,5.93802367e-08,1.97290533e-10,1.65074148e-09
0.015,-0.0729269846,3.57412125,-5.72115786,1770.73789,0.176246918,0.00359692269,1.83210735e-06,2.0872851e-09,2.39439e-06,6.71992849e-06,0.118379481,1.98464087e-10,2.45557917e-11,5.67522091e-11,4.79427887e-10,3.04053674e-07,1.08045044e-08,0.000320294913,0.0178220813,0.0576178699,0.0906081445,2.41381461e-08,1.78661333e-05,2.91056427e-08,8.70789488e-10,4.14579565e-06,1.08687342e-07,0.014815698,7.42176586e-07,0.000730309922,9.03533542e-07,7.38806448e-05,3.29599743e-07,4.65383853e-05,2.49742215e-05,2.32686057e-10,3.0431272e-09,1.07492597e-07,4.09151547e-05,6.8049699e-11,8.14818641e-05,1.07298492e-10,4.43975605e-08,5.6179219e-09,1.71864154e-09,0.000163354138,6.28907548e-11,3.18161735e-12,1.28658698e-06,1.00807727e-07,1.26063191e-05,3.12859863e-09,0.69562843,9.42929792e-22,2.64018895e-10,4.7239455e-08,2.23933306e-10,1.77668288e-09
0.0151875,-0.0750027934,3.54668165,-5.72115786,1793.23328,0.174490897,0.0035406644,2.24508825e-06,3.40117618e-09,2.77106909e-06,8.88736421e-06,0.118923598,2.44330406e-10,3.40531613e-11,1.10963227e-10,8.10312815e-10,3.97001536e-07,1.45933179e-08,0.000331542009,0.0148482441,0.0576993419,0.0910751968,3.12595192e-08,1.96480924e-05,3.71807624e-08,1.10821512e-09,4.13614507e-06,1.41281134e-07,0.014013068,7.65487778e-07,0.000617028909,9.1383713e-07,5.76833362e-05,4.28435356e-07,4.84010744e-05,2.65536482e-05,3.43958995e-10,3.89667104e-09,1.33632449e-07,4.03089766e-05,8.55319224e-11,8.63422416e-05,1.35297162e-10,4.68740872e-08,6.90787044e-09,2.25607158e-09,0.000160777597,7.18344602e-11,4.84890934e-12,1.42091263e-06,1.11380873e-07,1.31796187e-05,4.16596127e-09,0.698475878,9.05167792e-22,2.37063872e-10,3.61044317e-08,2.51565805e-10,1.93961315e-09
0.015375,-0.0771197293,3.51861806,-5.72115786,1816.65355,0.172683019,0.0034732504,2.74642886e-06,5.62079283e-09,3.28445694e-06,1.17853812e-05,0.11946588,3.07418221e-10,4.78840379e-11,2.1498014e-10,1.35176553e-09,5.13077761e-07,1.95061862e-08,0.000338477289,0.0121772408,0.0577072456,0.0915651757,4.02203754e-08,2.14198558e-05,4.70499158e-08,1.39779822e-09,4.071194e-06,1.81782293e-07,0.0130765466,7.70759995e-07,0.00050738688,9.00424765e-07,4.36148172e-05,5.53801682e-07,4.9862271e-05,2.80002442e-05,5.27008567e-10,5.03904723e-09,1.65567101e-07,3.95001171e-05,1.07321564e-10,9.22120009e-05,1.73487125e-10,5.02061581e-08,8.55389069e-09,2.95579314e-09,0.000157520542,8.23680227e-11,7.28153159e-12,1.57452923e-06,1.23157471e-07,1.37949513e-05,5.5659432e-09,0.701215984,8.68983165e-22,2.08372678e-10,2.63832247e-08,2.79237378e-10,2.14809894e-09
0.0155625,-0.0792795888,3.48996239,-5.72115786,1841.04469,0.170825514,0.00339393935,3.35414214e-06,9.44297293e-09,3.99751962e-06,1.5676296e-05,0.120009138,3.96227208e-10,6.82182718e-11,4.12233728e-10,2.22236638e-09,6.55482274e-07,2.57690919e-08,0.000340223495,0.00980917409,0.0576215416,0.0920901441,5.13659485e-08,2.31187354e-05,5.89082923e-08,1.74572641e-09,3.94739606e-06,2.31011334e-07,0.0120083791,7.55610895e-07,0.000404879344,8.61501913e-07,3.18248995e-05,7.11839215e-07,5.07952981e-05,2.92156494e-05,8.31939009e-10,6.56759557e-09,2.04211543e-07,3.84427875e-05,1.34441104e-10,9.92952687e-05,2.26258256e-10,5.45409758e-08,1.06490845e-08,3.86291493e-09,0.000153476069,9.50361745e-11,1.07585361e-11,1.74971927e-06,1.36187887e-07,1.44401018e-05,7.45717313e-09,0.703849435,8.34315866e-22,1.78886737e-10,1.8341067e-08,3.0586213e-10,2.41164051e-09
0.01575,-0.0814823144,3.4607451,-5.72115786,1866.41198,0.168924665,0.00330216803,4.09190093e-06,1.61806766e-08,5.00956859e-06,2.09329668e-05,0.120557017,5.24600529e-10,9.85133104e-11,7.82478217e-10,3.59832562e-09,8.26907246e-07,3.36100839e-08,0.000336057064,0.00773945503,0.0574173763,0.0926645007,6.50823924e-08,2.46708464e-05,7.29139755e-08,2.15789859e-09,3.76452655e-06,2.89260295e-07,0.0108178883,7.19520125e-07,0.000312516662,7.97615826e-07,2.23333604e-05,9.10685706e-07,5.10895036e-05,3.00735839e-05,1.34582497e-09,8.61399615e-09,2.50468332e-07,3.70828408e-05,1.68230646e-10,0.000107829129,3.00131802e-10,6.00726212e-08,1.33107469e-08,5.03396794e-09,0.000148523616,1.10661762e-10,1.5633031e-11,1.9487222e-06,1.50437766e-07,1.50945399e-05,1.00147711e-08,0.706376322,8.01106672e-22,1.49582274e-10,1.20696045e-08,3.30505175e-10,2.74034583e-09
0.0159375,-0.0837254209,3.43099485,-5.72115786,1892.70909,0.16699126,0.00319755518,4.99522719e-06,2.84326054e-08,6.48187137e-06,2.81149118e-05,0.121114179,7.16197534e-10,1.44610046e-10,1.47501575e-09,5.74643522e-09,1.02989146e-06,4.32743382e-08,0.000325564447,0.00595829326,0.0570643644,0.0933050897,8.18795332e-08,2.59993186e-05,8.92460507e-08,2.64223648e-09,3.52689525e-06,3.56082789e-07,0.00952238203,6.64424819e-07,0.000232499735,7.12181879e-07,1.50247246e-05,1.16261047e-06,5.06747377e-05,3.04193978e-05,2.22454561e-09,1.13692051e-08,3.05280299e-07,3.53574327e-05,2.1063729e-10,0.000118084085,4.04912348e-10,6.70706196e-08,1.67008216e-08,6.54333712e-09,0.00014252883,1.30543626e-10,2.23830153e-11,2.1733609e-06,1.65730727e-07,1.57262339e-05,1.34853745e-08,0.708796187,7.69296858e-22,1.21456758e-10,7.48386981e-09,3.52890531e-10,3.1453359e-09
0.016125,-0.0860033402,3.40073791,-5.72115786,1919.826,0.165041002,0.00307984893,6.12524265e-06,5.17132641e-08,8.68541319e-06,3.81304935e-05,0.121686472,1.0140976e-09,2.17209012e-10,2.78568016e-09,9.09999756e-09,1.26835597e-06,5.50974536e-08,0.000308748482,0.00445089586,0.0565256425,0.0940313324,1.02620907e-07,2.70361065e-05,1.08273999e-07,3.21462101e-09,3.24361575e-06,4.30260679e-07,0.00814740966,5.94749419e-07,0.000165986558,6.11235498e-07,9.66060762e-06,1.4884494e-06,4.95432752e-05,3.00739511e-05,3.7629575e-09,1.51418547e-08,3.69852345e-07,3.31950951e-05,2.64868166e-10,0.000130362448,5.55611523e-10,7.59194172e-08,2.10745993e-08,8.49898631e-09,0.000135343695,1.56893399e-10,3.17662256e-11,2.42407179e-06,1.81668757e-07,1.62872264e-05,1.82390985e-08,0.711108122,7.38827928e-22,9.54391393e-11,4.35298115e-09,3.74100345e-10,3.64011887e-09
0.0163125,-0.0883065571,3.36999767,-5.72115786,1947.5731,0.163095132,0.00294878619,7.59553654e-06,9.88202413e-08,1.20951535e-05,5.25830802e-05,0.122281082,1.50310279e-09,3.37773245e-10,5.3549939e-09,1.4439889e-08,1.55022803e-06,6.96476149e-08,0.000285933302,0.00319871466,0.0557561596,0.0948656344,1.28977713e-07,2.77276643e-05,1.30821902e-07,3.90833891e-09,2.92657048e-06,5.09885034e-07,0.0067263638,5.1641761e-07,0.000113009631,5.02011821e-07,5.91245388e-06,1.92514179e-06,4.77474489e-05,2.88443959e-05,6.56206162e-09,2.04815506e-08,4.45989117e-07,3.05167642e-05,3.36708865e-10,0.000144994723,7.75820918e-10,8.71494112e-08,2.68739181e-08,1.10752559e-08,0.00012680582,1.93741827e-10,4.51890018e-11,2.69739977e-06,1.97523925e-07,1.67068355e-05,2.48737828e-08,0.713310877,7.09641357e-22,7.21759788e-11,2.3601276e-09,3.97228264e-10,4.24020251e-09
0.0165,-0.0906202933,3.33879381,-5.72115786,1975.6569,0.161181654,0.00280383799,9.61647347e-06,2.02389434e-07,1.75889832e-05,7.44637691e-05,0.122906719,2.36467605e-09,5.5278338e-10,1.06725631e-08,2.32744411e-08,1.88811339e-06,8.78065426e-08,0.000257340599,0.00218183212,0.0546991147,0.0958344827,1.6405063e-07,2.80171441e-05,1.58249969e-07,4.77961412e-09,2.58528071e-06,5.91637627e-07,0.00529992175,4.3468544e-07,7.26039075e-05,3.90770588e-07,3.4146796e-06,2.53376513e-06,4.53444392e-05,2.65480142e-05,1.19133572e-08,2.83894343e-08,5.35959163e-07,2.72402253e-05,4.36796423e-10,0.000162332433,1.10342034e-09,1.01382861e-07,3.48507412e-08,1.45635495e-08,0.000116734524,2.48135084e-10,6.53741039e-11,2.98002093e-06,2.12092162e-07,1.6880457e-05,3.43852759e-08,0.715402926,6.81678248e-22,5.18113165e-11,1.1765549e-09,4.27326091e-10,4.95022919e-09
0.01659375,-0.0917728757,3.32302191,-5.72115786,1989.66276,0.160251098,0.00272568122,1.09720151e-05,3.01357152e-07,2.1783759e-05,9.00765375e-05,0.123235717,3.08152548e-09,7.30191018e-10,1.55338943e-08,2.99984479e-08,2.08763421e-06,9.88468159e-08,0.000240966362,0.00175499042,0.0540326023,0.0963828083,1.86888928e-07,2.79831515e-05,1.74811802e-07,5.31996951e-09,2.40709171e-06,6.3335278e-07,0.00460253025,3.94123053e-07,5.65521652e-05,3.36233388e-07,2.52395394e-06,2.93933013e-06,4.39221627e-05,2.49648667e-05,1.64953033e-08,3.39459489e-08,5.87486544e-07,2.53469097e-05,5.04319971e-10,0.00017216485,1.3287679e-09,1.09788625e-07,4.01222946e-08,1.68297591e-08,0.000111034427,2.87104801e-10,7.9893197e-11,3.11146517e-06,2.18242857e-07,1.68145709e-05,4.07837803e-08,0.716406766,6.68130112e-22,4.2712414e-11,7.97532933e-10,4.48416178e-10,5.33113311e-09
0.0166875,-0.0929187703,3.30713811,-5.72115786,2003.5694,0.159343814,0.00264349194,1.26264318e-05,4.5983e-07,2.73295481e-05,0.000110098425,0.123576822,4.10200893e-09,9.82502219e-10,2.28280881e-08,3.88607089e-08,2.3011832e-06,1.10980392e-07,0.000222728452,0.00138112455,0.0532620169,0.0969785441,2.13755381e-07,2.776422e-05,1.92780631e-07,5.92118566e-09,2.21977398e-06,6.72049803e-07,0.00392313326,3.52706953e-07,4.3005757e-05,2.82063767e-07,1.81900657e-06,3.41854145e-06,4.22554e-05,2.30789045e-05,2.30547087e-08,4.08553709e-08,6.41893383e-07,2.32816298e-05,5.87156699e-10,0.000182808521,1.60905282e-09,1.18944405e-07,4.63655966e-08,1.95141343e-08,0.000104862823,3.34630558e-10,9.82040786e-11,3.22645612e-06,2.23263666e-07,1.66193611e-05,4.85590329e-08,0.717381894,6.54867634e-22,3.41257931e-11,5.20439306e-10,4.72498491e-10,5.69250847e-09
0.01678125,-0.0940534341,3.29114337,-5.72115786,2017.28818,0.158466611,0.0025569363,1.4661441e-05,7.20123924e-07,3.48054158e-05,0.000136069397,0.12393182,5.59610211e-09,1.34830341e-09,3.3772378e-08,5.04326548e-08,2.51956081e-06,1.23830354e-07,0.000202328707,0.00105874328,0.0523724715,0.0976274844,2.44879904e-07,2.72803652e-05,2.11452963e-07,6.56615162e-09,2.01945264e-06,7.04518455e-07,0.0032697621,3.09869898e-07,3.17219325e-05,2.28606936e-07,1.26682539e-06,3.9712835e-06,4.02331766e-05,2.08968574e-05,3.24389898e-08,4.93736205e-08,6.97120488e-07,2.10476766e-05,6.89571303e-10,0.000194294004,1.9612194e-09,1.28589348e-07,5.36538041e-08,2.26854557e-08,9.81850563e-05,3.90571192e-10,1.21048456e-10,3.3110674e-06,2.26739388e-07,1.6262094e-05,5.79735818e-08,0.718327989,6.41882931e-22,2.60434007e-11,3.2241419e-10,4.98358253e-10,5.97737647e-09
0.016875,-0.0951715117,3.2750381,-5.72115786,2030.71496,0.157627211,0.00246561258,1.7168063e-05,1.15629153e-06,4.50868275e-05,0.0001699952,0.124302666,7.84014717e-09,1.88593289e-09,4.98425051e-08,6.51407033e-08,2.72377726e-06,1.36501576e-07,0.000179566754,0.000786384278,0.0513465197,0.0983359084,2.79693881e-07,2.64284556e-05,2.29274985e-07,7.21064333e-09,1.80261894e-06,7.25738755e-07,0.00265153641,2.65054009e-07,2.24970085e-05,1.76842466e-07,8.42857226e-07,4.5786006e-06,3.77187107e-05,1.84448884e-05,4.55849474e-08,5.96167385e-08,7.49292671e-07,1.86597448e-05,8.16400829e-10,0.000206630757,2.40763319e-09,1.38219355e-07,6.18942526e-08,2.63823117e-08,9.09656785e-05,4.50952137e-10,1.48686278e-10,3.34667339e-06,2.28167897e-07,1.57065297e-05,6.92183838e-08,0.719244719,6.29167946e-22,1.86219487e-11,1.86296831e-10,5.22849973e-10,6.10191141e-09
0.01696875,-0.096266837,3.25882215,-5.72115786,2043.73007,0.156834198,0.00236907549,2.02395787e-05,1.89712816e-06,5.95129656e-05,0.000214423989,0.124691343,1.12850539e-08,2.68192285e-09,7.23336871e-08,8.28740266e-08,2.88188946e-06,1.47369821e-07,0.000154487739,0.000562355032,0.0501643706,0.0991101743,3.16116658e-07,2.50848968e-05,2.43558959e-07,7.77191807e-09,1.56730064e-06,7.28909702e-07,0.00207877078,2.18198004e-07,1.5163237e-05,1.28512611e-07,5.27847772e-07,5.18941801e-06,3.45652963e-05,1.57749081e-05,6.31735509e-08,7.13664149e-08,7.92200159e-07,1.61494511e-05,9.72713512e-10,0.000219789752,2.97830721e-09,1.4700888e-07,7.07018393e-08,3.05720054e-08,8.31744344e-05,5.05331514e-10,1.80176653e-10,3.31040596e-06,2.26955032e-07,1.49166677e-05,8.22979256e-08,0.7201318,6.16714542e-22,1.21666047e-11,9.81456956e-11,5.40164924e-10,5.96172158e-09
0.0170625,-0.0973325774,3.24249474,-5.72115786,2056.20084,0.156096742,0.00226689521,2.39584223e-05,3.16159348e-06,8.01417207e-05,0.000272469954,0.125099486,1.66583659e-08,3.85999608e-09,1.01243968e-07,1.02361917e-07,2.94925702e-06,1.54019355e-07,0.00012758608,0.000384331724,0.0488050046,0.0999558666,3.49730165e-07,2.31256149e-05,2.50484739e-07,8.12465987e-09,1.31494449e-06,7.06298988e-07,0.00156278246,1.7029446e-07,9.57093758e-06,8.60137117e-08,3.05465127e-07,5.70803842e-06,3.06606878e-05,1.29711878e-05,8.48932586e-08,8.38181169e-08,8.1739788e-07,1.35707302e-05,1.16314218e-09,0.000233677358,3.71305815e-09,1.53790938e-07,7.92839058e-08,3.50870706e-08,7.47997538e-05,5.35718287e-10,2.1239467e-10,3.17784704e-06,2.22433294e-07,1.3864112e-05,9.68568808e-08,0.720989086,6.04514522e-22,7.0407651e-12,4.58380447e-11,5.41708678e-10,5.46105038e-09
0.01715625,-0.0983616197,3.22605441,-5.72115786,2067.98871,0.155423995,0.00215876319,2.83766675e-05,5.30396211e-06,0.000110119005,0.000347718268,0.125527619,2.50973824e-08,5.58652261e-09,1.33545466e-07,1.20504277e-07,2.87572665e-06,1.53527182e-07,9.9934211e-05,0.000248958901,0.0472488011,0.100876349,3.73270385e-07,2.04670801e-05,2.45672189e-07,8.1144999e-09,1.05208962e-06,6.51389922e-07,0.0011150875,1.23760476e-07,5.55823326e-06,5.17646521e-08,1.59851799e-07,5.99462096e-06,2.59976176e-05,1.01531811e-05,1.08467756e-07,9.54074126e-08,8.15506373e-07,1.10026652e-05,1.39086117e-09,0.00024810039,4.66224967e-09,1.57173599e-07,8.64423477e-08,3.95491555e-08,6.58732342e-05,5.21354452e-10,2.39220273e-10,2.92926518e-06,2.13930774e-07,1.25397258e-05,1.1198167e-07,0.721816733,5.92559795e-22,3.48020331e-12,1.83958532e-11,5.17663439e-10,4.56825957e-09
0.017203125,-0.0988598546,3.21779131,-5.72115786,2073.57693,0.155115097,0.00210243756,3.08508048e-05,6.87586137e-06,0.000130417885,0.000393081506,0.125748723,3.10559731e-08,6.72693017e-09,1.48451188e-07,1.2760492e-07,2.77478753e-06,1.49853403e-07,8.63750677e-05,0.000195623002,0.0463911451,0.101364686,3.78557806e-07,1.8885426e-05,2.37867515e-07,7.93510448e-09,9.21228787e-07,6.11474209e-07,0.000920680615,1.01985846e-07,4.07194991e-06,3.82881556e-08,1.10372018e-07,6.00487864e-06,2.34446628e-05,8.79366338e-06,1.19231292e-07,1.00120352e-07,8.01901135e-07,9.75998217e-06,1.51900634e-09,0.000255390603,5.23932537e-09,1.57089174e-07,8.89851918e-08,4.15704638e-08,6.12418094e-05,4.9246491e-10,2.48030677e-10,2.75928601e-06,2.08030523e-07,1.17840226e-05,1.19302833e-07,0.722219674,5.86670377e-22,2.27395887e-12,1.08344377e-11,4.93946069e-10,4.00943976e-09
0.01725,-0.0993465099,3.209499,-5.72115786,2078.94698,0.154825221,0.00204465748,3.34902153e-05,8.88899542e-06,0.000155054529,0.000444160463,0.12597374,3.84876986e-08,8.08500249e-09,1.60942432e-07,1.32388286e-07,2.62710377e-06,1.43564052e-07,7.32795943e-05,0.000151093136,0.0454800207,0.101870868,3.77838951e-07,1.71513808e-05,2.26048272e-07,7.61956957e-09,7.9294375e-07,5.63464355e-07,0.000746853515,8.190308e-08,2.89684524e-06,2.72889667e-08,7.36139474e-08,5.90262698e-06,2.07876968e-05,7.48934193e-06,1.2841044e-07,1.03732658e-07,7.7898457e-07,8.55950479e-06,1.65619014e-09,0.000262675778,5.89391101e-09,1.55707921e-07,9.06396015e-08,4.33147224e-08,5.6523734e-05,4.50148631e-10,2.52159224e-10,2.5604512e-06,2.00961511e-07,1.09735627e-05,1.26106074e-07,0.722615471,5.80839668e-22,1.40612457e-12,6.06221435e-12,4.61786934e-10,3.40133554e-09
0.017296875,-0.0998210068,3.20117712,-5.72115786,2084.08715,0.154554941,0.00198550427,3.62792282e-05,1.14488352e-05,0.00018499114,0.000501394567,0.126201695,4.77233166e-08,9.69022088e-09,1.69460651e-07,1.34143753e-07,2.4343527e-06,1.34659426e-07,6.09118352e-05,0.000114550807,0.044515796,0.102393675,3.70145733e-07,1.52959965e-05,2.10332134e-07,7.16715892e-09,6.69645942e-07,5.08503287e-07,0.000594160257,6.3931986e-08,1.99474772e-06,1.86727572e-08,4.72370574e-08,5.67728558e-06,1.80832854e-05,6.26153568e-06,1.35121275e-07,1.0591987e-07,7.46537462e-07,7.41551805e-06,1.80167152e-09,0.000269889487,6.63548914e-09,1.52970039e-07,9.12466001e-08,4.46643828e-08,5.17514256e-05,3.9690641e-10,2.50575212e-10,2.33617972e-06,1.92710881e-07,1.01187664e-05,1.3208368e-07,0.72300433,5.75066791e-22,8.17799183e-13,3.20063148e-12,4.21784704e-10,2.77758544e-09
0.01734375,-0.100282948,3.19282533,-5.72115786,2088.98912,0.154304552,0.00192510197,3.91954449e-05,1.46708799e-05,0.00022136366,0.000565140996,0.126431249,5.91330881e-08,1.15700345e-08,1.72641306e-07,1.3232934e-07,2.20199588e-06,1.23342185e-07,4.95106949e-05,8.51267921e-05,0.0435000515,0.10293134,3.54926104e-07,1.3363479e-05,1.91140492e-07,6.58728135e-09,5.53737476e-07,4.48332187e-07,0.000462696912,4.83865432e-08,1.32514767e-06,1.22203079e-08,2.90541094e-08,5.32811554e-06,1.53989645e-05,5.12962008e-06,1.38618109e-07,1.06428582e-07,7.04939196e-07,6.34151693e-06,1.95435502e-09,0.00027695631,7.47301211e-09,1.48890191e-07,9.07070558e-08,4.55032429e-08,4.69655753e-05,3.36878182e-10,2.42626038e-10,2.09187652e-06,1.83306196e-07,9.23302116e-06,1.36919486e-07,0.723386506,5.69350892e-22,4.44744968e-13,1.58553999e-12,3.75319099e-10,2.17445762e-09
0.017390625,-0.100732152,3.18444326,-5.72115786,2093.64864,0.154074024,0.00186362134,4.22092805e-05,1.8678969e-05,0.000265493435,0.000635654565,0.126660665,7.31232641e-08,1.37483922e-08,1.6957425e-07,1.26686577e-07,1.93922661e-06,1.10031865e-07,3.9274473e-05,6.1919964e-05,0.0424357244,0.103481524,3.32209798e-07,1.1408801e-05,1.69209064e-07,5.90048181e-09,4.47421322e-07,3.85219029e-07,0.000352031314,3.54336083e-08,8.46551882e-07,7.61976133e-09,1.70657556e-08,4.86566034e-06,1.28080075e-05,4.10988699e-06,1.38424191e-07,1.05106059e-07,6.551683e-07,5.34941662e-06,2.11276467e-09,0.000283794295,8.41472782e-09,1.43569781e-07,8.89919442e-08,4.57281613e-08,4.22145454e-05,2.75081781e-10,2.28196652e-10,1.83476115e-06,1.7281955e-07,8.33220511e-06,1.40309532e-07,0.723762305,5.63691187e-22,2.24865692e-13,7.33011892e-13,3.24513229e-10,1.62534528e-09
0.0174375,-0.101168674,3.17603055,-5.72115786,2098.06599,0.153862976,0.00180127972,4.52842681e-05,2.36004658e-05,0.000318892514,0.000713059203,0.126887812,9.0125366e-08,1.62437982e-08,1.60057975e-07,1.17342631e-07,1.65841036e-06,9.53490692e-08,3.03442896e-05,4.40228414e-05,0.0413271552,0.104041326,3.02735098e-07,9.4938429e-06,1.45549126e-07,5.13779964e-09,3.52512473e-07,3.21773311e-07,0.000261172278,2.50685363e-08,5.18484051e-07,4.50964794e-09,9.53775301e-09,4.312102e-06,1.03825115e-05,3.21425136e-06,1.34437108e-07,1.01926435e-07,5.98765155e-07,4.44874711e-06,2.27505695e-09,0.000290318711,9.46786478e-09,1.37199448e-07,8.61481193e-08,4.52636497e-08,3.75527896e-05,2.16407576e-10,2.07837114e-10,1.57340327e-06,1.61371921e-07,7.43383885e-06,1.41993224e-07,0.724132078,5.58086925e-22,1.05114862e-13,3.14590948e-13,2.72008003e-10,1.15555578e-09
0.017484375,-0.101592808,3.16758685,-5.72115786,2102.24598,0.15367069,0.00173833647,4.8378056e-05,2.95600812e-05,0.00038326105,0.000797323568,0.127110219,1.10580871e-07,1.906751e-08,1.44741033e-07,1.04851776e-07,1.3738417e-06,8.00594729e-08,2.27914156e-05,3.05500795e-05,0.0401800066,0.104607341,2.67969087e-07,7.68160883e-06,1.2135174e-07,4.33812791e-09,2.70263643e-07,2.60674153e-07,0.000188593325,1.71207106e-08,3.03628738e-07,2.52413413e-09,5.0539942e-09,3.69946664e-06,8.18572557e-06,2.44914052e-06,1.26969826e-07,9.70027514e-08,5.37726833e-07,3.6459702e-06,2.43906958e-09,0.000296446961,1.06383246e-08,1.30050394e-07,8.22961307e-08,4.40754415e-08,3.30382766e-05,1.64671823e-10,1.82778335e-10,1.31698076e-06,1.49133776e-07,6.55590954e-06,1.41785051e-07,0.724496211,5.52537416e-22,4.51912205e-14,1.24710453e-13,2.20603368e-10,7.7873384e-10
0.01753125,-0.102005066,3.15911187,-5.72115786,2106.19755,0.153496144,0.00167508386,5.14440702e-05,3.66732358e-05,0.000460476241,0.000888246659,0.127325157,1.34922583e-07,2.22222218e-08,1.25072847e-07,9.01484495e-08,1.09998368e-06,6.49828617e-08,1.66120078e-05,2.06665764e-05,0.0390010425,0.105175763,2.29981994e-07,6.02919117e-06,9.78468357e-08,3.54377062e-09,2.01239727e-07,2.04357249e-07,0.00013231674,1.12881695e-08,1.69649927e-07,1.33166622e-09,2.53078863e-09,3.06567947e-06,6.26501377e-06,1.81487277e-06,1.1670556e-07,9.05790423e-08,4.74334802e-07,2.94403422e-06,2.60240475e-09,0.000302104168,1.19304989e-08,1.22454782e-07,7.76187094e-08,4.2179559e-08,2.87290688e-05,1.22032785e-10,1.54802576e-10,1.07435339e-06,1.36320588e-07,5.7154998e-06,1.39600361e-07,0.724855102,5.47041996e-22,1.77836676e-14,4.54524806e-14,1.72851043e-10,4.96000817e-10
0.017578125,-0.10240612,3.15060534,-5.72115786,2109.93284,0.153338103,0.00161183389,5.44337082e-05,4.50398666e-05,0.000552573367,0.000985457013,0.127529766,1.63554271e-07,2.57014683e-08,1.03049136e-07,7.44097728e-08,8.49548507e-07,5.08841545e-08,1.17310659e-05,1.36121453e-05,0.0377977821,0.105742517,1.91177999e-07,4.58087516e-06,7.61440153e-08,2.79496984e-09,1.45272833e-07,1.54724218e-07,9.00513812e-05,7.19190407e-09,9.03226894e-08,6.60233488e-10,1.19403464e-09,2.44917799e-06,4.64693982e-06,1.30571644e-06,1.04573394e-07,8.30021895e-08,4.1093716e-07,2.34224832e-06,2.76254018e-09,0.00030722869,1.33472727e-08,1.14777647e-07,7.23411971e-08,3.96440531e-08,2.46794054e-05,8.89243831e-11,1.25980034e-10,8.53113769e-07,1.23182813e-07,4.92742723e-06,1.35469157e-07,0.725209151,5.41600039e-22,6.37938205e-15,1.51682685e-14,1.30703334e-10,2.97938715e-10
0.017625,-0.102796741,3.14206702,-5.72115786,2113.46576,0.153195218,0.00154890281,5.72988109e-05,5.47394055e-05,0.000661720412,0.00108842629,0.127721188,1.96830491e-07,2.9489846e-08,8.08160642e-08,5.88572453e-08,6.31880975e-07,3.83717408e-08,8.0153611e-06,8.72014352e-06,0.0365780708,0.106303416,1.53935291e-07,3.36303292e-06,5.70914734e-08,2.12461573e-09,1.01514444e-07,1.12940507e-07,5.93647378e-05,4.43515277e-09,4.58114894e-08,3.06847881e-10,5.29420298e-10,1.88337278e-06,3.33557968e-06,9.10686123e-07,9.15794013e-08,7.46787861e-08,3.49721513e-07,1.83650581e-06,2.91695502e-09,0.000311776661,1.48902119e-08,1.07384736e-07,6.67072581e-08,3.65824109e-08,2.09357985e-05,6.44415998e-11,9.83314284e-11,6.58807525e-07,1.09990944e-07,4.2031309e-06,1.29534487e-07,0.725558735,5.36210927e-22,2.07904786e-15,4.61868497e-15,9.53083443e-11,1.68567508e-10
0.017671875,-0.103177706,3.13349674,-5.72115786,2116.8105,0.153066159,0.0014865954,5.99940883e-05,6.5827317e-05,0.000790188129,0.0011964949,0.127896703,2.35038418e-07,3.35639844e-08,6.02557196e-08,4.4552238e-08,4.52037921e-07,2.78282281e-08,5.29290735e-06,5.42830181e-06,0.0353496336,0.106854301,1.202472e-07,2.38210004e-06,4.11870474e-08,1.55441943e-09,6.85779407e-08,7.93671022e-08,3.78611654e-05,2.6528422e-09,2.2161265e-08,1.33413547e-10,2.20137142e-10,1.39232954e-06,2.31436048e-06,6.14952764e-07,7.86420531e-08,6.60261084e-08,2.92518747e-07,1.41982367e-06,3.06325416e-09,0.000315724765,1.65598862e-08,1.00611638e-07,6.09542445e-08,3.31399841e-08,1.75337178e-05,4.69475135e-11,7.35085002e-11,4.94484988e-07,9.70173254e-08,3.55000402e-06,1.22035942e-07,0.725904194,5.30874057e-22,6.1406572e-16,1.27978186e-15,6.69863344e-11,8.98140341e-11
0.01771875,-0.103549729,3.12489438,-5.72115786,2119.97996,0.152949718,0.00142519122,6.24791843e-05,7.83331243e-05,0.000940317202,0.00130890467,0.128053841,2.78383284e-07,3.78940569e-08,4.26801365e-08,3.22424781e-08,3.10747537e-07,1.93891429e-08,3.37505484e-06,3.28114589e-06,0.0341196789,0.107391173,9.14600827e-08,1.62606047e-06,2.85604331e-08,1.09342263e-09,4.47419599e-08,5.36343182e-08,2.3337155e-05,1.54208234e-09,1.02543442e-08,5.41870699e-11,8.57029048e-11,9.88670476e-07,1.55081909e-06,4.01608212e-07,6.64743891e-08,5.742723e-08,2.40670874e-07,1.08310909e-06,3.19927493e-09,0.00031907078,1.83562398e-08,9.47391505e-08,5.52923714e-08,2.94766718e-08,1.44953707e-05,3.46474114e-11,5.25790952e-11,3.60663071e-07,8.45173416e-08,2.97127324e-06,1.13282641e-07,0.726245824,5.25588823e-22,1.64129219e-16,3.22074938e-16,4.53626253e-11,4.51150577e-11
0.017765625,-0.103913389,3.11625985,-5.72115786,2122.98451,0.152844911,0.00136493462,6.47201557e-05,9.22595573e-05,0.00111448351,0.00142483269,0.128190465,3.26978481e-07,4.24455612e-08,2.87108717e-08,2.22966638e-08,2.05152936e-07,1.29697297e-08,2.07694562e-06,1.92469916e-06,0.0328946082,0.107910275,6.81703207e-08,1.06882931e-06,1.9023578e-08,7.3898795e-10,2.81709358e-08,3.48260397e-08,1.38915847e-05,8.72372091e-10,4.5605704e-09,2.05413411e-11,3.12049676e-11,6.73929116e-07,1.00297922e-06,2.53447968e-07,5.55336935e-08,4.91981765e-08,1.94979488e-07,8.1602963e-07,3.32316504e-09,0.000321831913,2.02789241e-08,8.99781349e-08,4.9890612e-08,2.57497169e-08,1.18288808e-05,2.59697958e-11,3.59641564e-11,2.55668229e-07,7.27127155e-08,2.46639578e-06,1.03622061e-07,0.72658387,5.2035461e-22,3.96831599e-17,7.35378154e-17,2.95899988e-11,2.14218805e-11
0.0178125,-0.104269091,3.10759308,-5.72115786,2125.83125,0.152751024,0.00130602925,6.66902797e-05,0.000107582365,0.00131506189,0.00154342136,0.12830481,3.80840822e-07,4.71811063e-08,1.83437291e-08,1.47305344e-08,1.3003372e-07,8.32596554e-09,1.23303267e-06,1.09523205e-06,0.0316798582,0.108408144,5.02859684e-08,6.76171964e-07,1.21670632e-08,4.79678804e-10,1.71095873e-08,2.17170595e-08,7.98117273e-06,4.80512509e-10,1.96297292e-09,7.26576279e-12,1.06194539e-11,4.40858941e-07,6.25835765e-07,1.54468761e-07,4.60339937e-08,4.1570857e-08,1.55731856e-07,6.07859895e-07,3.43342715e-09,0.000324041369,2.23275308e-08,8.64647886e-08,4.48703676e-08,2.20997185e-08,9.52889596e-06,1.97250173e-11,2.35186644e-11,1.76240837e-07,6.17792213e-08,2.03183291e-06,9.34105731e-08,0.726918529,5.151708e-22,8.68654214e-18,1.52298965e-17,1.85875764e-11,9.65825538e-12
0.017859375,-0.104617054,3.09889403,-5.72115786,2128.52368,0.152667634,0.00124863689,6.83702372e-05,0.000124250485,0.0015443886,0.00166380184,0.128395492,4.3989085e-07,5.20620191e-08,1.11354291e-08,9.29823747e-09,7.91257239e-08,5.12875243e-09,7.06100133e-07,6.04439891e-07,0.0304798714,0.108881627,3.72072194e-08,4.11606506e-07,7.4713759e-09,2.99003952e-10,1.0021332e-08,1.30024216e-08,4.42431315e-06,2.57575713e-10,8.24711341e-10,2.39895623e-12,3.37709532e-12,2.76743426e-07,3.76698926e-07,9.0885118e-08,3.79993244e-08,3.46911153e-08,1.22785572e-07,4.4820104e-07,3.5289326e-09,0.000325743923,2.4501704e-08,8.42650437e-08,4.03061901e-08,1.86414527e-08,7.57839128e-06,1.51013872e-11,1.47052075e-11,1.18238252e-07,5.18400168e-08,1.66199901e-06,8.2989354e-08,0.727249953,5.1003676e-22,1.72561534e-18,2.86282448e-18,1.12420158e-11,4.16209974e-12
0.01790625,-0.104957314,3.09016266,-5.72115786,2131.06188,0.152594589,0.00119287959,6.97478135e-05,0.000142186508,0.00180472311,0.00178511054,0.128461485,5.0395755e-07,5.70496702e-08,6.42600016e-09,5.60913275e-09,4.6227473e-08,3.03160258e-09,3.9002332e-07,3.23474136e-07,0.0292981671,0.109327879,2.8054407e-08,2.41080469e-07,4.4051523e-09,1.78993544e-10,5.66000354e-09,7.47382563e-09,2.36595167e-06,1.34196286e-10,3.41315612e-10,7.40194284e-13,1.00368997e-12,1.66715631e-07,2.1871285e-07,5.16112202e-08,3.13311582e-08,2.86280848e-08,9.56846641e-08,3.27510797e-07,3.60891096e-09,0.000326991254,2.68011461e-08,8.33853678e-08,3.62316133e-08,1.54595896e-08,5.9512607e-06,1.1582845e-11,8.79328618e-12,7.72851686e-08,4.29646308e-08,1.35019124e-06,7.26667705e-08,0.727578261,5.04951851e-22,3.12462753e-19,4.89178784e-19,6.54524491e-12,1.72959722e-12
0.017953125,-0.105289749,3.08139893,-5.72115786,2133.44293,0.152531976,0.001138844,7.08172905e-05,0.000161287545,0.00209821072,0.00190650028,0.128502092,5.72786523e-07,6.21065005e-08,3.52675278e-09,3.23413324e-09,2.59286776e-08,1.71937809e-09,2.07765763e-07,1.67814487e-07,0.0281374718,0.109744342,2.18774083e-08,1.35843498e-07,2.49365682e-09,1.02896328e-10,3.08186355e-09,4.12371732e-09,1.22016033e-06,6.78203409e-11,1.4025004e-10,2.13829362e-13,2.78807996e-13,9.63745487e-08,1.22464217e-07,2.82777088e-08,2.58693241e-08,2.33898061e-08,7.37806227e-08,2.3742574e-07,3.67292411e-09,0.000327837708,2.92255487e-08,8.37867869e-08,3.26477154e-08,1.26084379e-08,4.61523669e-06,8.85235092e-12,5.02927892e-12,4.9269951e-08,3.51726819e-08,1.08936075e-06,6.2706632e-08,0.727903543,4.99915424e-22,5.19300681e-20,7.61556745e-20,3.66686046e-12,7.00534587e-13
0.018,-0.105614108,3.07260279,-5.72115786,2135.66154,0.152480072,0.00108658645,7.15786956e-05,0.000181426606,0.00242684801,0.00202714746,0.128516897,6.46050443e-07,6.71967623e-08,1.83944691e-09,1.78040457e-09,1.39448391e-08,9.34432229e-10,1.06593323e-07,8.42695272e-08,0.0269998709,0.110128734,1.78055367e-08,7.35490085e-08,1.35358479e-09,5.67311695e-11,1.61548799e-09,2.18118735e-09,6.05960921e-07,3.31387929e-11,5.74346842e-11,5.79380683e-14,7.22854269e-14,5.3390451e-08,6.60361903e-08,1.49253319e-08,2.14360443e-08,1.89405821e-08,5.63386293e-08,1.70893512e-07,3.72083275e-09,0.000328336864,3.17744693e-08,8.53993508e-08,2.95323363e-08,1.01145114e-08,3.53473069e-06,6.71317783e-12,2.74831326e-12,3.06484699e-08,2.84409476e-08,8.72663109e-07,5.33212397e-08,0.728225867,4.94926822e-22,7.99566762e-21,1.08234667e-20,1.97358093e-12,2.79440589e-13
0.018046875,-0.105930042,3.06377416,-5.72115786,2137.71066,0.152439292,0.00103613806,7.20370661e-05,0.00020245396,0.00279245444,0.00214625527,0.128505726,7.23360038e-07,7.22869559e-08,9.06086104e-10,9.29509495e-10,7.14165597e-09,4.83272848e-10,5.23065694e-08,4.06670197e-08,0.0258869521,0.110479036,1.51265769e-08,3.8014247e-08,6.99744782e-10,2.97954111e-11,8.09613537e-10,1.0979888e-09,2.87652936e-07,1.55122268e-11,2.32683852e-11,1.46645044e-14,1.73187909e-14,2.81453406e-08,3.40636226e-08,7.53237984e-09,1.78620341e-08,1.52172923e-08,4.26187922e-08,1.22153922e-07,3.75276326e-09,0.000328539066,3.44471128e-08,8.81351662e-08,2.68487783e-08,7.98081388e-09,2.67330398e-06,5.03603853e-12,1.42532027e-12,1.85699e-08,2.27127323e-08,6.9379394e-07,4.46693797e-08,0.728545285,4.89985382e-22,1.1469355e-21,1.39787354e-21,1.01351322e-12,1.10003888e-13
0.01809375,-0.106237137,3.05491297,-5.72115786,2139.58211,0.152410151,0.000987508397,7.22020195e-05,0.000224195239,0.00319665474,0.00226304347,0.128468626,8.04266184e-07,7.73454808e-08,4.0829636e-10,4.45898647e-10,3.37219993e-09,2.30277337e-10,2.37455378e-08,1.82070835e-08,0.0247999226,0.110793491,1.33067504e-08,1.82149287e-08,3.33519442e-10,1.44354109e-11,3.75689754e-10,5.06520179e-10,1.256443e-07,6.67696997e-12,8.79340064e-12,3.23773612e-15,3.44456095e-15,1.3682793e-08,1.63391911e-08,3.50925304e-09,1.4999164e-08,1.21448788e-08,3.19327725e-08,8.66121687e-08,3.76908997e-09,0.000328489849,3.72420635e-08,9.18990988e-08,2.4554804e-08,6.19263392e-09,1.99560792e-06,3.72804975e-12,6.79852212e-13,1.08705744e-08,1.79114898e-08,5.47156673e-07,3.68682084e-08,0.72886183,4.8509043e-22,1.34239208e-22,1.35537967e-22,4.82402382e-13,4.05292682e-14
0.0181875,-0.106823533,3.03709232,-5.72115786,2142.76791,0.152388307,0.000895660716,7.16984962e-05,0.000269148327,0.00412439765,0.00248715673,0.12831788,9.7482828e-07,8.72590004e-08,8.81460044e-11,1.10186704e-10,8.17738648e-10,5.67424297e-11,5.39305586e-09,4.09936166e-09,0.0227063538,0.111310922,1.11952366e-08,4.57580389e-09,8.23524428e-11,3.68082635e-12,8.86568914e-11,1.19598848e-10,2.69290035e-08,1.39604261e-12,1.63008288e-12,2.48973723e-16,2.08382972e-16,3.50513529e-09,4.06870403e-09,8.48018477e-10,1.10302604e-08,7.74625937e-09,1.78792222e-08,4.41084072e-08,3.7569533e-09,0.000327759808,4.31978388e-08,1.02210092e-07,2.10401719e-08,3.61550364e-09,1.09058888e-06,1.99750398e-12,1.66325566e-13,3.88561639e-09,1.09050873e-08,3.35570486e-07,2.43503348e-08,0.729486178,4.75439521e-22,4.67943102e-24,3.5920748e-24,1.17635458e-13,7.62320923e-15
0.01828125,-0.107368759,3.01914042,-5.72115786,2145.13136,0.15242039,0.000810864809,7.02024673e-05,0.000314736751,0.00521947952,0.00269437279,0.128067204,1.15388682e-06,9.67586406e-08,1.66627673e-11,2.4113882e-11,1.77900973e-10,1.25029147e-11,1.11144038e-09,8.47384318e-10,0.0207242254,0.111670793,9.70783532e-09,1.08706322e-09,1.8210255e-11,8.41391315e-13,1.89919675e-11,2.51833062e-11,5.22337743e-09,2.62324466e-13,2.84429184e-13,2.33660696e-17,1.13036698e-17,8.05831694e-10,9.24205666e-10,1.86314181e-10,8.58545729e-09,4.9576609e-09,9.79513145e-09,2.22227361e-08,3.69066331e-09,0.000326426949,4.96299641e-08,1.1550594e-07,1.85179039e-08,2.00306757e-09,5.73300332e-07,1.02058178e-12,3.61564279e-14,1.35088427e-09,6.38526871e-09,1.997713e-07,1.53011861e-08,0.730099393,4.65965451e-22,2.13209711e-25,8.66461093e-26,2.5894031e-14,1.41809967e-15
0.018375,-0.107868657,3.00105558,-5.72115786,2146.59479,0.152511762,0.000732801199,6.78694798e-05,0.000359462156,0.00648652202,0.00288079949,0.127720493,1.33749359e-06,1.05714101e-07,2.80289004e-12,4.72414954e-12,3.50817563e-11,2.48907413e-12,2.10126316e-10,1.62534877e-10,0.0188557825,0.111867923,8.42976758e-09,2.77463082e-10,3.64615513e-12,1.74327152e-13,3.73002057e-12,4.78714795e-12,9.27393943e-10,4.47958663e-14,4.65102274e-14,2.90899039e-18,7.43501409e-19,1.67471996e-10,1.93007646e-10,3.75332428e-11,7.10817011e-09,3.25536256e-09,5.27508628e-09,1.11287762e-08,3.57785747e-09,0.000324648113,5.65259086e-08,1.31197284e-07,1.66849653e-08,1.05812532e-09,2.9096854e-07,4.98961465e-13,7.05830872e-15,4.64418503e-10,3.60631068e-09,1.15416312e-07,9.17947226e-09,0.730701591,4.56662786e-22,2.06146491e-26,2.44337095e-27,5.19329627e-15,2.55957415e-16
0.01846875,-0.108319151,2.98283571,-5.72115786,2147.08401,0.152667742,0.000661082404,6.48646042e-05,0.000401931086,0.00792721065,0.00304351236,0.127282129,1.52194504e-06,1.14037639e-07,4.30442272e-13,8.40876459e-13,6.35863125e-12,4.5372693e-13,3.68784125e-11,2.92321975e-11,0.0171014638,0.111900358,7.26072324e-09,9.9431011e-11,6.70107834e-13,3.31692466e-14,6.79737325e-13,8.31925336e-13,1.52468003e-10,7.03591476e-15,7.14176369e-15,4.09949874e-19,7.77577643e-20,3.18291434e-11,3.74240482e-11,7.0112118e-12,6.21023586e-09,2.24640543e-09,2.81399548e-09,5.57339468e-09,3.42693561e-09,0.000322516335,6.38697704e-08,1.48830223e-07,1.53091832e-08,5.35736395e-10,1.43152131e-07,2.34538147e-13,1.25586763e-15,1.60218585e-10,1.97201414e-09,6.48084539e-08,5.28262876e-09,0.731292824,4.47526083e-22,3.23117629e-27,1.32387067e-28,9.5975885e-16,4.42523871e-17
0.0185625,-0.108716389,2.96447831,-5.72115786,2146.53062,0.152893456,0.000595295911,6.13497985e-05,0.000440942856,0.00954085889,0.00318053441,0.126756538,1.70395575e-06,1.21677466e-07,6.35051226e-14,1.38450897e-13,1.0773467e-12,7.69114096e-14,6.08623906e-12,4.98197277e-12,0.0154603618,0.111768696,6.18998748e-09,5.66413863e-11,1.15031048e-13,5.88372002e-15,1.16497145e-13,1.33812848e-13,2.34779592e-11,1.028884e-15,1.03623504e-15,5.79844737e-20,1.10610366e-20,5.59970221e-12,6.8091582e-12,1.22854451e-12,5.63178885e-09,1.65606299e-09,1.50529835e-09,2.81894288e-09,3.24637029e-09,0.000320080719,7.16444225e-08,1.68063904e-07,1.42228241e-08,2.61340059e-10,6.85574859e-08,1.06546564e-13,2.07356189e-16,5.6125674e-11,1.04826144e-09,3.54639974e-08,2.93156584e-09,0.731873133,4.38549942e-22,5.4505951e-28,1.54460163e-29,1.65395061e-16,7.3036263e-18
0.01865625,-0.109056857,2.94598054,-5.72115786,2144.87396,0.153193727,0.000535031387,5.7475708e-05,0.000475529324,0.0113249388,0.00329072587,0.126147975,1.88072125e-06,1.2860917e-07,1.00938978e-14,2.16211616e-14,1.74607109e-13,1.23621365e-14,9.58519961e-13,8.1338991e-13,0.0139305994,0.111475419,5.22357028e-09,4.14663747e-11,1.9041364e-14,9.93262176e-16,1.90843764e-14,2.01593761e-14,3.4239121e-12,1.4174955e-16,1.43251891e-16,7.95460583e-21,1.69282191e-21,9.22849263e-13,1.17491656e-12,2.04236292e-13,5.21068734e-09,1.30601364e-09,8.2225803e-10,1.46215452e-09,3.0442341e-09,0.0003173636,7.98327074e-08,1.88645026e-07,1.33131477e-08,1.23429041e-10,3.20890537e-08,4.70128382e-14,3.25716072e-17,2.01355159e-11,5.43799806e-10,1.8972038e-08,1.57699474e-09,0.73244258,4.29729048e-22,8.9181964e-29,2.30254743e-30,2.68931045e-17,1.15404014e-18
0.01875,-0.109337471,2.92733922,-5.72115786,2142.06252,0.153572993,0.000479895917,5.33769303e-05,0.000504965938,0.0132754813,0.00337365888,0.125460444,2.0499135e-06,1.34827978e-07,2.07855026e-15,3.34109877e-15,2.80946824e-14,1.94003469e-15,1.46848977e-13,1.28747377e-13,0.0125096248,0.111024357,4.36555076e-09,3.25606185e-11,3.32428062e-15,1.66279476e-16,3.0598498e-15,2.87669495e-15,4.7790346e-13,1.86068094e-17,1.90369814e-17,1.05880166e-21,2.58642518e-22,1.44105376e-13,1.94230696e-13,3.25640925e-14,4.85369585e-09,1.08807869e-09,4.69223611e-10,7.93787334e-10,2.82790218e-09,0.000314373508,8.84186546e-08,2.10384493e-07,1.25095995e-08,5.66255658e-11,1.47172721e-08,2.0218931e-14,5.07664842e-18,7.43103054e-12,2.7599762e-10,9.94483772e-09,8.25553814e-10,0.733001286,4.21058215e-22,1.4083242e-29,3.49517184e-31,4.17248287e-18,1.7560603e-19
0.01884375,-0.109555636,2.90855093,-5.72115786,2138.05498,0.154035259,0.000429519744,4.91700599e-05,0.00052876663,0.0153873164,0.00342950978,0.124697725,2.20964196e-06,1.40342865e-07,5.94870877e-16,5.49332931e-16,4.76111508e-15,3.1120114e-16,2.24521552e-14,1.995701e-14,0.0111944174,0.110420297,3.61523178e-09,2.58571237e-11,7.76967454e-16,3.07383644e-17,4.99991238e-16,3.91313277e-16,6.42151118e-14,2.34227392e-18,2.44401815e-18,1.37729524e-22,3.91987626e-23,2.1462842e-14,3.09067495e-14,5.00889914e-15,4.51227747e-09,9.40427993e-10,2.85629548e-10,4.60177329e-10,2.60390063e-09,0.000311113966,9.73887343e-08,2.33138299e-07,1.17710268e-08,2.51337404e-11,6.58385943e-09,8.44346278e-15,8.4378019e-19,2.80165988e-12,1.36414606e-10,5.09199322e-09,4.19612771e-10,0.733549447,4.12532417e-22,2.17090658e-30,5.23522776e-32,6.21185508e-19,2.57925878e-20
0.0189375,-0.109709297,2.88961201,-5.72115786,2132.82085,0.154584069,0.000383552537,4.49544311e-05,0.000546664526,0.0176541445,0.00345896899,0.123863502,2.35840952e-06,1.45172704e-07,1.96244814e-16,9.29128943e-17,7.91491197e-16,4.61615025e-17,2.91602017e-15,2.43802288e-15,0.00998161046,0.109668758,2.96800591e-09,2.04813038e-11,3.00710011e-16,7.21632792e-18,7.63378965e-17,3.9080702e-17,6.39428459e-15,2.17598016e-19,2.32126754e-19,1.37435376e-23,4.7614134e-24,2.37238833e-15,3.71489218e-15,5.76415206e-16,4.1649235e-09,8.29441222e-10,1.8662599e-10,2.86611741e-10,2.37790098e-09,0.000307588866,1.06731545e-07,2.56792291e-07,1.10751689e-08,1.03534653e-11,2.75414268e-09,3.28431304e-15,1.44528402e-19,1.00461021e-12,6.3185369e-11,2.48519079e-09,2.0108561e-10,0.734087362,4.04146816e-22,2.65657746e-31,6.23174153e-33,6.96338699e-20,2.84866001e-21
0.019125,-0.109818862,2.85126461,-5.72115786,2118.62823,0.155951692,0.000303712717,3.67719843e-05,0.000564179265,0.0226266264,0.00344170048,0.12199408,2.61802718e-06,1.52838146e-07,3.36020576e-17,1.07848796e-17,8.60543121e-17,4.3399203e-18,2.17330021e-16,1.40290704e-16,0.00784998895,0.10774671,1.9507033e-09,1.26401452e-11,1.297773e-16,2.20068542e-18,1.01380213e-17,1.49935077e-18,2.50490774e-16,7.40886109e-21,8.61333434e-21,5.93729138e-25,2.91321329e-25,1.06796426e-16,1.85016527e-16,2.882264e-17,3.43770415e-09,6.62896105e-10,1.06489972e-10,1.54115146e-10,1.93622605e-09,0.000299770528,1.26522901e-07,3.0648662e-07,9.77755633e-09,2.18154482e-12,6.12192625e-10,6.2499924e-16,1.75640402e-20,2.06975151e-13,1.69434767e-11,7.13440435e-10,5.64912068e-11,0.735133237,3.87781015e-22,1.57614864e-32,3.52082953e-34,3.01871463e-21,1.2402996e-22
0.0193125,-0.109660417,2.81227569,-5.72115786,2099.45576,0.157695589,0.000238034584,2.93033591e-05,0.000559016651,0.0281261053,0.00333497003,0.119879102,2.82296913e-06,1.58095201e-07,6.01677584e-18,2.01136687e-18,1.40467829e-17,6.63414533e-19,2.94261718e-17,1.20744918e-17,0.00608007933,0.105316051,1.24199668e-09,7.59897675e-12,6.32078877e-17,9.99295733e-19,3.02334579e-18,5.62786502e-20,9.9257934e-18,2.51834876e-22,3.21898314e-22,3.88244076e-26,2.93897289e-26,5.08307631e-18,9.62957008e-18,1.5095237e-18,2.69637821e-09,5.26562019e-10,7.06560257e-11,9.95980323e-11,1.53115221e-09,0.000291035001,1.47852087e-07,3.58988843e-07,8.58308954e-09,4.54361116e-13,1.381933e-10,1.19545179e-16,3.53003151e-21,4.86969495e-14,4.61566734e-12,2.17833916e-10,1.67245207e-11,0.7361428,3.71917401e-22,1.44574689e-33,3.06248432e-35,1.35989873e-22,5.4638363e-24
0.0195,-0.109236638,2.77261425,-5.72115786,2075.43648,0.159829222,0.000184553871,2.27878115e-05,0.000534254639,0.034080288,0.00315401539,0.117544012,2.97120647e-06,1.61250357e-07,1.18036704e-18,5.00463339e-19,2.9195785e-18,1.37182205e-19,6.48873948e-18,1.93956697e-18,0.00463710873,0.102438144,7.66938176e-10,4.44419596e-12,3.02385015e-17,4.72397969e-19,1.23319958e-18,2.14784554e-21,4.12867812e-19,8.90936452e-24,1.25695583e-23,5.4653694e-27,5.70611691e-27,3.1156535e-19,5.67787857e-19,8.51118921e-20,2.0016966e-09,4.10593048e-10,4.93758287e-11,6.95581858e-11,1.17778425e-09,0.000281552696,1.70929976e-07,4.14105679e-07,7.49372906e-09,9.62649386e-14,3.25019584e-11,2.36315761e-17,9.71933417e-22,1.31344586e-14,1.31020225e-12,7.50252871e-11,5.60346805e-12,0.737119553,3.56524739e-22,2.3319868e-34,4.75239097e-36,6.91302993e-24,2.62136412e-25
0.0196875,-0.108557064,2.73225062,-5.72115786,2046.83484,0.162361371,0.000141495057,1.73155557e-05,0.000494229297,0.0404092484,0.00291638121,0.115014327,3.06441353e-06,1.62674647e-07,2.63422846e-19,1.44023123e-19,7.00902915e-19,3.32939421e-20,1.81755637e-18,4.87160185e-19,0.00348295801,0.0991816329,4.5974522e-10,2.52629939e-12,1.39617383e-17,2.18735882e-19,5.38443049e-19,8.64657907e-23,1.86806553e-20,3.40704844e-25,5.37889034e-25,1.36383568e-27,1.73311628e-27,3.2790605e-20,4.52767253e-20,5.35448153e-21,1.40417502e-09,3.13227774e-10,3.4743789e-11,4.98046883e-11,8.8233119e-10,0.00027152655,1.96158448e-07,4.71829886e-07,6.51309062e-09,2.13873256e-14,8.16496028e-12,4.95710372e-18,3.15402751e-22,4.0640484e-15,3.9892944e-13,3.08073522e-11,2.25856518e-12,0.738066982,3.4157502e-22,5.52143331e-35,1.10782239e-36,4.73430832e-25,1.69999012e-26
0.019875,-0.107636676,2.6911577,-5.72115786,2014.0165,0.165297364,0.000107254058,1.28702576e-05,0.000443809398,0.0470299652,0.00264028557,0.112315407,3.10753222e-06,1.62789762e-07,6.49238013e-20,4.31322415e-20,1.84548267e-19,8.80263215e-21,5.62927556e-19,1.48005528e-19,0.00257774722,0.0956191959,2.67793766e-10,1.39530713e-12,6.20281724e-18,9.8248644e-20,2.36011745e-19,3.81376619e-24,9.54114254e-22,1.47514636e-26,2.93033663e-26,4.3382466e-28,6.61068884e-28,5.76741744e-21,5.96218087e-21,3.90131291e-22,9.30416896e-10,2.33632419e-10,2.42214947e-11,3.58311565e-11,6.4441271e-10,0.000261159576,2.24162585e-07,5.32189684e-07,5.64096179e-09,5.14684607e-15,2.24392428e-12,1.13144828e-18,1.081447e-22,1.43966944e-15,1.33999297e-13,1.52447087e-11,1.09687374e-12,0.738988272,3.27043456e-22,1.60064744e-35,3.2122998e-37,5.36181398e-26,2.25154089e-27
0.0200625,-0.106494408,2.64931192,-5.72115786,1977.41713,0.168640196,8.03827497e-05,9.36689724e-06,0.000387785703,0.0538605063,0.00234323931,0.109472215,3.10804571e-06,1.62044783e-07,1.64580097e-20,1.26221455e-20,5.15792639e-20,2.42771917e-21,1.811481e-19,4.83381515e-20,0.00188161506,0.091823952,1.51744446e-10,7.48908919e-13,2.64996222e-18,4.27543188e-20,1.01975568e-19,1.92526613e-25,5.74162071e-23,7.9708099e-28,3.28283493e-27,1.52464956e-28,2.83152294e-28,1.30373135e-21,1.22054404e-21,3.41481742e-23,5.82577465e-10,1.70365429e-10,1.66316282e-11,2.56985116e-11,4.59293126e-10,0.000250630408,2.55822268e-07,5.94936024e-07,4.87285826e-09,1.38056373e-15,6.88583875e-13,2.87102498e-19,3.679036e-23,5.81301171e-16,5.06848211e-14,8.71267815e-12,6.06838668e-13,0.739886179,3.12908435e-22,5.19470805e-36,1.05457891e-37,9.51969883e-27,5.86192474e-28
0.02025,-0.105151704,2.60669406,-5.72115786,1937.51257,0.172391561,5.95831484e-05,6.68222644e-06,0.000330401393,0.0608237883,0.00204091515,0.106508979,3.07497061e-06,1.60887793e-07,4.0465407e-21,3.5030039e-21,1.50634019e-20,6.83635707e-22,5.90087287e-20,1.62789109e-20,0.00135649148,0.0878658995,8.37747604e-11,3.90929645e-13,1.08901469e-18,1.80433716e-20,4.32003913e-20,1.17398834e-26,4.29286022e-24,6.93651137e-29,9.1544585e-28,5.61259889e-29,1.29092813e-28,3.29307512e-22,3.14457566e-22,3.71311754e-24,3.45081032e-10,1.21374011e-10,1.12151764e-11,1.82994023e-11,3.19784564e-10,0.00024008053,2.92319459e-07,6.59109312e-07,4.20105628e-09,4.17883376e-16,2.38807572e-13,8.20573407e-20,1.20628802e-23,2.65808686e-16,2.16969716e-14,5.43068822e-12,3.59182305e-13,0.740762987,2.99151412e-22,1.80980635e-36,3.75261066e-38,2.14235048e-27,1.98736602e-28
0.0204375,-0.103631181,2.5632897,-5.72115786,1894.79191,0.176552828,4.3706765e-05,4.67804932e-06,0.000275048696,0.0678505412,0.00174633838,0.10344881,3.01773043e-06,1.59740688e-07,9.37549884e-22,9.11246268e-22,4.59746437e-21,1.9590621e-22,1.93348721e-20,5.58902903e-21,0.000967593196,0.0838089306,4.51493862e-11,1.98735431e-13,4.30956283e-19,7.40044988e-21,1.793603e-20,9.18257749e-28,4.23260031e-25,1.24828178e-29,3.67355733e-28,2.12357385e-29,6.11426016e-29,8.9178411e-23,9.07304056e-23,5.15705257e-25,1.93683037e-10,8.43461724e-11,7.40844395e-12,1.28953058e-11,2.1774936e-10,0.000229612106,3.35219949e-07,7.22660997e-07,3.61595713e-09,1.41020826e-16,9.35904614e-14,2.64419887e-20,3.7696372e-24,1.36536043e-16,1.03898581e-14,3.54067156e-12,2.1830167e-13,0.741620502,2.85756743e-22,6.66299811e-37,1.42356592e-38,5.427839e-28,7.30481283e-29
0.020625,-0.101955472,2.51908963,-5.72115786,1849.73476,0.181125966,3.17547833e-05,3.21787718e-06,0.000224136847,0.0748812253,0.00146944674,0.100313333,2.94510541e-06,1.58983715e-07,2.02066548e-22,2.21571547e-22,1.48166925e-21,5.76886011e-23,6.41173384e-21,1.9626557e-21,0.000684454025,0.0797087843,2.38107056e-11,9.85838423e-14,1.64510437e-19,2.95842616e-21,7.31463633e-21,9.87244319e-29,5.90449506e-26,3.68620866e-30,1.62008299e-28,8.2454599e-30,2.98634383e-29,2.55942053e-23,2.8269254e-23,9.9781712e-26,1.03224549e-10,5.70308428e-11,4.78129956e-12,8.96461475e-12,1.45183221e-10,0.000219292814,3.86614364e-07,7.82396205e-07,3.10730268e-09,5.15432834e-17,4.10119426e-14,9.51665609e-21,1.11963461e-24,7.8041038e-17,5.45665124e-15,2.36027006e-12,1.33420465e-13,0.742460078,2.72711468e-22,2.59700852e-37,5.76330397e-39,1.49341363e-28,2.79148626e-29
0.0208125,-0.100146308,2.47408989,-5.72115786,1802.79372,0.186114415,2.2875978e-05,2.17766615e-06,0.000179110819,0.0818668315,0.00121701436,0.0971223687,2.86438927e-06,1.58951724e-07,4.07405344e-23,5.04517364e-23,5.10042795e-22,1.77385496e-23,2.18382058e-21,7.1333098e-22,0.000481423796,0.075612058,1.23215736e-11,4.78352828e-14,6.07163757e-20,1.15673464e-21,2.94246796e-21,2.38447302e-29,1.92756046e-26,1.34964112e-30,7.51619036e-29,3.31528543e-30,1.50962576e-29,7.74277304e-24,9.42703173e-24,6.56992388e-26,5.23709348e-11,3.74096997e-11,3.00731079e-12,6.1312111e-12,9.49010722e-11,0.000209163711,4.49355316e-07,8.34409471e-07,2.66501934e-09,1.98009791e-17,1.98031602e-14,3.77472069e-21,3.16458486e-25,4.91040957e-17,3.08843996e-15,1.59288447e-12,8.12928306e-14,0.743282666,2.60005053e-22,1.08534101e-37,2.51934457e-39,4.42899793e-29,1.10676318e-29
0.021,-0.0982238551,2.42829178,-5.72115786,1754.38258,0.191523842,1.63604638e-05,1.45156395e-06,0.000140581023,0.0887686756,0.000992885603,0.0938937156,2.78077576e-06,1.59940037e-07,6.64963059e-24,1.08085132e-23,1.88235751e-22,5.77374708e-24,7.7875828e-22,2.72618717e-22,0.000337679191,0.0715561844,6.27411979e-12,2.27657407e-14,2.17199436e-20,4.4400233e-22,1.17447692e-21,2.99102157e-29,3.36644915e-26,6.3639981e-31,3.69081158e-29,1.40198951e-30,7.98709437e-30,2.45464405e-24,3.36006651e-24,2.06805839e-25,2.53662589e-11,2.37401881e-11,1.84014146e-12,4.11790685e-12,6.08830471e-11,0.000199247117,5.27460816e-07,8.74916391e-07,2.27965362e-09,7.82596737e-18,1.03972179e-14,1.63019509e-21,8.53867157e-26,3.36010339e-17,1.86362557e-15,1.08565283e-12,4.92986789e-14,0.744088874,2.47629129e-22,4.94206172e-38,1.20657069e-39,1.41738001e-29,4.60374697e-30
0.0211875,-0.0962063343,2.38170166,-5.72115786,1704.86984,0.197362763,1.16283725e-05,9.53777561e-07,0.0001085172,0.095557398,0.000798440072,0.0906430645,2.69687289e-06,1.62217495e-07,9.21309488e-25,2.19385187e-24,7.38928892e-23,1.99524007e-24,2.95636175e-22,1.10900377e-22,0.000236861144,0.0675701398,3.15084021e-12,1.06530198e-14,7.54586304e-21,1.67838306e-22,4.68437263e-22,5.56938509e-29,8.86186492e-26,5.08262761e-31,1.95314151e-29,6.34619601e-31,4.48743801e-30,8.10102271e-25,1.29535613e-24,7.1766211e-25,1.17660782e-11,1.45415351e-11,1.09432492e-12,2.71310526e-12,3.8361275e-11,0.000189552836,6.26862508e-07,9.01140373e-07,1.94247429e-09,3.14280018e-18,5.86413389e-15,7.58073115e-22,2.20769818e-26,2.46708286e-17,1.19170965e-15,7.48306265e-13,2.9825307e-14,0.744879055,2.35577213e-22,2.4770177e-38,6.38306862e-40,4.9909474e-30,2.03881613e-30
0.021375,-0.0941098678,2.33433065,-5.72115786,1654.57701,0.203643002,8.2135196e-06,6.17470704e-07,8.24685463e-05,0.102211388,0.000633246305,0.087384029,2.6120621e-06,1.66069654e-07,2.19482766e-25,4.25249609e-25,3.02944256e-23,7.22433425e-25,1.18925241e-22,4.68851133e-23,0.000166483072,0.0636755979,1.56089246e-12,4.88609019e-15,2.53368155e-21,6.2244675e-23,1.85618893e-22,8.69314807e-29,2.00868377e-25,6.25149717e-31,1.1258354e-29,3.08191215e-31,2.68051476e-30,2.76780911e-25,5.69298296e-25,2.06730361e-24,5.23786663e-12,8.57228286e-12,6.30409919e-13,1.74860856e-12,2.37245188e-11,0.000180081979,7.5701302e-07,9.11887932e-07,1.64514475e-09,1.26986382e-18,3.49363743e-15,3.73156353e-22,5.47940831e-27,1.91612305e-17,8.02873447e-16,5.22783269e-13,1.8057714e-14,0.745653426,2.23844458e-22,1.35174873e-38,3.67904603e-40,2.09285095e-30,9.56861102e-31
0.02175,-0.0897219152,2.23731577,-5.72115786,1552.48227,0.217624256,4.23719825e-06,2.60703869e-07,4.68903985e-05,0.115068321,0.000387378184,0.0808757969,2.51154975e-06,1.83420326e-07,1.57511606e-25,1.71911243e-26,5.99856735e-24,1.13842717e-25,2.60051147e-23,1.23255889e-23,8.83945388e-05,0.0562044612,4.1094323e-13,1.10557729e-15,3.07888145e-22,9.75767653e-24,3.7036538e-23,1.15986405e-28,6.11125947e-25,9.76781403e-31,6.16013021e-30,1.12862424e-31,1.42695598e-30,4.35251791e-26,3.76492262e-25,9.3107162e-24,9.68368725e-13,2.81287369e-12,2.08440389e-13,7.39556871e-13,9.02864654e-12,0.000161786943,1.15621073e-06,8.89158623e-07,1.19642946e-09,2.48113137e-19,1.71857445e-15,1.3327861e-22,3.51335628e-28,1.36503055e-17,4.70110432e-16,2.8766688e-13,7.33073711e-15,0.747157732,2.01318954e-22,5.63648975e-39,1.69690883e-40,1.48750032e-30,3.35912877e-31
0.022125,-0.085160538,2.13749154,-5.72115786,1450.03259,0.233623625,2.27873006e-06,1.08123238e-07,2.58310874e-05,0.127280493,0.000227153621,0.0744464155,2.43329693e-06,2.16954773e-07,-7.99025718e-27,8.19900663e-28,1.23504392e-24,1.85882027e-26,6.51098839e-24,3.89509204e-24,5.09276838e-05,0.0492149576,1.13032915e-13,2.66317719e-16,3.85651644e-23,1.71239135e-24,9.38524701e-24,9.34800761e-29,1.26989946e-24,1.02537099e-30,4.58041522e-30,5.48944827e-32,9.71857326e-31,1.23972182e-26,6.28788819e-25,2.73323628e-23,1.64767016e-13,8.43342848e-13,7.06140024e-14,3.28766986e-13,3.31551327e-12,0.000144252468,1.89754691e-06,8.23137828e-07,8.59710943e-10,5.51327117e-20,1.06727443e-15,6.36862888e-23,2.28506036e-29,1.07477148e-17,3.32761747e-16,1.79024182e-13,3.33047604e-15,0.74860221,1.80011108e-22,2.95825227e-39,1.30412003e-40,2.39010635e-30,1.7232112e-31
0.0223125,-0.0828375108,2.0865871,-5.72115786,1399.09851,0.242450543,1.68980632e-06,6.7755834e-08,1.87432016e-05,0.13313478,0.000170275835,0.0712781514,2.36281017e-06,2.41002815e-07,2.90396568e-26,1.90849551e-28,5.43049315e-25,7.21470657e-27,3.19282714e-24,2.17797858e-24,3.9558676e-05,0.0459132797,5.8506681e-14,1.30048439e-16,1.31517148e-23,7.13824576e-25,4.87072731e-24,9.93849602e-29,1.7756941e-24,1.79898133e-30,3.62709425e-30,4.75987172e-32,-1.90032993e-31,1.13950568e-26,9.37648676e-25,4.06260892e-23,6.52970444e-14,4.40034737e-13,4.10996669e-14,2.21453899e-13,1.94071924e-12,0.000135720319,2.48635473e-06,7.81419981e-07,7.13406552e-10,2.6420205e-20,8.84670367e-16,4.64720781e-23,5.71512888e-30,9.70080957e-18,2.90851597e-16,1.45701138e-13,2.29966866e-15,0.749301861,1.69815296e-22,2.02829251e-38,5.14808546e-40,6.0585178e-30,1.99486571e-31
0.0225,-0.080493831,2.03504427,-5.72115786,1348.49375,0.25188224,1.2837137e-06,4.22106734e-08,1.35016949e-05,0.138815591,0.000126329676,0.068146672,2.28306336e-06,2.73575985e-07,-3.120524e-26,4.53158022e-29,2.3549793e-25,2.74628136e-27,1.57718145e-24,1.26904723e-24,3.15488364e-05,0.0427444067,3.06715564e-14,6.67582091e-17,4.64661359e-24,3.16614576e-25,2.71668978e-24,5.27275851e-29,1.9229085e-24,9.50434316e-31,4.19695683e-30,3.90657601e-32,8.59737032e-31,6.57249639e-27,1.03561674e-24,5.94263477e-23,2.56375455e-14,2.28159284e-13,2.5010095e-14,1.55039156e-13,1.1230824e-12,0.00012733243,3.2510103e-06,7.36191841e-07,5.88412497e-10,1.2915901e-20,7.59111729e-16,3.56808003e-23,1.44124756e-30,8.83208092e-18,2.59653456e-16,1.21630466e-13,1.62739909e-15,0.749986748,1.59928767e-22,7.26703006e-39,2.63064897e-40,4.88431925e-30,1.36990411e-31
0.0226875,-0.0781357735,1.98289823,-5.72115786,1298.32773,0.261960324,1.0038139e-06,2.61127475e-08,9.66448737e-06,0.144321945,9.2831564e-05,0.0650560844,2.18807402e-06,3.181765e-07,6.00537161e-27,1.18637389e-29,1.002135e-25,1.01902015e-27,7.73775725e-25,7.69867522e-25,2.58096742e-05,0.0397088073,1.62625911e-14,3.6059617e-17,1.70303939e-24,1.49712339e-25,1.5876348e-24,3.12626218e-29,2.03111956e-24,6.73345841e-31,4.78950275e-30,4.25973194e-32,1.22232696e-30,4.45621595e-27,1.15040316e-24,8.09830672e-23,9.95783348e-15,1.1853408e-13,1.60140685e-14,1.13317291e-13,6.41596585e-13,0.000119085685,4.19699949e-06,6.89301752e-07,4.81884811e-10,6.38953557e-21,6.68015895e-16,2.85730731e-23,3.72135516e-31,8.08337705e-18,2.34933833e-16,1.0365395e-13,1.17224866e-15,0.750657349,1.5035872e-22,4.29395646e-39,1.55683843e-40,5.44921727e-30,1.22360766e-31
0.022875,-0.0757691651,1.93018661,-5.72115786,1248.69881,0.272730623,8.10569794e-07,1.60240358e-08,6.8803561e-06,0.1496531,6.76435962e-05,0.0620099777,2.07158117e-06,3.79762727e-07,7.61303378e-27,2.85937137e-30,4.16204679e-26,3.66317238e-28,3.74966916e-25,4.88053155e-25,2.16104289e-05,0.036806352,8.6935103e-15,2.05385377e-17,6.46598809e-25,7.55555343e-26,9.55832154e-25,1.71554077e-29,2.05173683e-24,4.4682233e-31,5.20620577e-30,4.01288734e-32,1.44041459e-30,2.96421153e-27,1.23755331e-24,1.0449115e-22,3.82828931e-15,6.2376425e-14,1.08211939e-14,8.64691762e-14,3.61265667e-13,0.000110996285,5.29707336e-06,6.42112887e-07,3.91167276e-10,3.1733828e-21,5.98172843e-16,2.36885638e-23,1.05031366e-31,7.41876443e-18,2.14246271e-16,8.97634624e-14,8.54244188e-16,0.751314222,1.41102629e-22,3.23174766e-39,1.10356411e-40,6.09895982e-30,1.10216935e-31
0.0230625,-0.0733995258,1.87694969,-5.72115786,1199.69725,0.284243099,6.76488869e-07,9.74099531e-09,4.87712301e-06,0.154808441,4.89602876e-05,0.0590115526,1.92779803e-06,4.62544714e-07,-1.28805673e-26,9.9341611e-31,1.67925028e-26,1.27000469e-28,1.79257776e-25,3.24963012e-25,1.84607634e-05,0.034036453,4.66810159e-15,1.22805397e-17,2.52423448e-25,4.04936105e-26,5.86745927e-25,8.71836307e-30,1.97432741e-24,2.7740539e-31,5.48640815e-30,3.46473746e-32,1.58760641e-30,1.90997732e-27,1.27534123e-24,1.29161179e-22,1.45799423e-15,3.3563798e-14,7.70176978e-15,6.8626327e-14,2.00123442e-13,0.00010310097,6.48910469e-06,5.95578248e-07,3.13914722e-10,1.57266217e-21,5.41707991e-16,2.02154104e-23,9.75118011e-33,6.81584375e-18,1.9617343e-16,7.86745545e-14,6.26279773e-16,0.751957993,1.32161728e-22,2.6334625e-39,8.51531863e-41,6.6337986e-30,9.43954385e-32
0.02325,-0.071032201,1.8232303,-5.72115786,1151.40768,0.296551696,5.82579163e-07,5.85722438e-09,3.44700161e-06,0.159787369,3.5284621e-05,0.0560637389,1.7537602e-06,5.63346526e-07,3.90432132e-26,1.29781096e-30,6.55308668e-27,4.23184851e-29,8.47885355e-26,2.28016979e-25,1.60320989e-05,0.031398205,2.50803741e-15,7.61591815e-18,9.9815771e-26,2.27573106e-26,3.65681733e-25,4.10658206e-30,1.80968431e-24,1.60788679e-31,5.68371419e-30,2.71347957e-32,1.63361378e-30,1.18325769e-27,1.25197032e-24,1.54288659e-22,5.51095987e-16,1.85471388e-14,5.74435148e-15,5.62976155e-14,1.08834946e-13,9.5451872e-05,7.68509762e-06,5.50331488e-07,2.48274773e-10,7.7445977e-22,4.93888159e-16,1.76831548e-23,-3.92442596e-33,6.26060524e-18,1.79895563e-16,6.95593439e-14,4.59694943e-16,0.75258933,1.23537382e-22,2.12405127e-39,6.6603669e-41,6.97913335e-30,7.54073986e-32
0.0234375,-0.0686724619,1.76907377,-5.72115786,1103.91088,0.309714106,5.1581878e-07,3.47857826e-09,2.43321331e-06,0.164589243,2.53970708e-05,0.0531692867,1.55241348e-06,6.67074422e-07,-3.35785734e-27,1.38124567e-31,2.46342463e-27,1.35311417e-29,4.00206103e-26,1.68527255e-25,1.41043323e-05,0.0288904682,1.34353127e-15,4.82105957e-18,3.92654173e-26,1.31895221e-26,2.31647458e-25,1.79259229e-30,1.57718942e-24,8.67567219e-32,5.88214884e-30,1.90184538e-32,1.54807628e-30,6.98978027e-28,1.15933574e-24,1.79298539e-22,2.07460902e-16,1.04949253e-14,4.46365733e-15,4.74030616e-14,5.79866541e-14,8.81061224e-05,8.78912503e-06,5.06773564e-07,1.92984759e-10,3.781086e-22,4.5186483e-16,1.58117873e-23,7.92527656e-33,5.74427071e-18,1.64939998e-16,6.18780239e-14,3.36375219e-16,0.753208926,1.1523103e-22,1.59004708e-39,5.2294493e-41,6.95713241e-30,5.54805294e-32
0.023625,-0.0663255811,1.71452795,-5.72115786,1057.28514,0.323791408,4.67353532e-07,2.03828621e-09,1.71866793e-06,0.169213353,1.83229781e-05,0.050330836,1.33337168e-06,7.53661891e-07,-5.79742236e-27,-7.13667051e-32,8.88965615e-28,4.16004301e-30,1.91556978e-26,1.30615638e-25,1.25299781e-05,0.0265119187,7.1563502e-16,3.06954018e-18,1.51335266e-26,7.76173389e-27,1.49918537e-25,7.21170052e-31,1.29754039e-24,4.31918754e-32,6.19175115e-30,1.20875365e-32,1.3611381e-30,3.8690927e-28,9.91086629e-25,2.03752518e-22,7.81909916e-17,6.02747262e-15,3.59550411e-15,4.06965994e-14,3.0214419e-14,8.11143108e-05,9.71715146e-06,4.65144626e-07,1.47217785e-10,1.82875142e-22,4.13929929e-16,1.44345502e-23,-6.09082612e-35,5.26132998e-18,1.51035323e-16,5.52729002e-14,2.4440178e-16,0.753817467,1.07244129e-22,1.05221277e-39,4.471827e-41,5.41016805e-30,3.65300618e-32
0.0238125,-0.0639968896,1.65964319,-5.72115786,1011.60723,0.338847522,4.31212761e-07,1.17801638e-09,1.21682213e-06,0.173658916,1.32997581e-05,0.0475509713,1.11029023e-06,8.09978712e-07,-9.45313069e-26,-9.83432986e-32,3.07118438e-28,1.24144609e-30,9.53036752e-27,1.0539433e-25,1.12100688e-05,0.0242610766,3.7837785e-16,1.94572584e-18,5.66384271e-27,4.58678755e-27,9.98065737e-26,2.62460354e-31,9.88807787e-25,1.93980003e-32,6.70713931e-30,7.56980209e-33,1.1992585e-30,1.91786984e-28,7.41883944e-25,2.44692202e-22,2.96999363e-17,3.47512371e-15,2.99087499e-15,3.54257878e-14,1.53809307e-14,7.45120138e-05,1.04114625e-05,4.25578405e-07,1.10264371e-10,8.77667379e-23,3.79065152e-16,1.34576718e-23,5.32473173e-33,4.80830713e-18,1.38026211e-16,4.95018024e-14,1.7564005e-16,0.754415608,9.95781124e-23,5.28561184e-40,4.88379068e-41,4.81612828e-30,2.74388895e-32
0.024,-0.061691817,1.60447235,-5.72115786,966.953027,0.354948424,4.03397579e-07,6.72050541e-10,8.64535347e-07,0.177925089,9.74512005e-06,0.0448322701,8.97069762e-07,8.34210254e-07,-5.64510334e-26,-1.39073708e-32,1.0196686e-28,3.69111505e-31,5.04375034e-27,8.7862902e-26,1.00779674e-05,0.0221363187,1.98486104e-16,1.22189532e-18,2.0543097e-27,2.70620661e-27,6.89612211e-26,1.13258775e-31,8.95204209e-25,1.04908604e-32,7.50056982e-30,5.47888792e-33,1.22551583e-30,1.19132291e-28,6.86767073e-25,2.20861813e-22,1.1453831e-17,1.9927809e-15,2.56151582e-15,3.11318024e-14,7.64971408e-15,6.83164383e-05,1.0846217e-05,3.88140563e-07,8.12863184e-11,4.16283428e-23,3.46666552e-16,1.28392784e-23,-2.85873859e-33,4.38297989e-18,1.25823489e-16,4.43963797e-14,1.24372553e-16,0.755003949,9.22343361e-23,5.69235014e-40,6.92523919e-41,4.31109768e-30,2.10384824e-32
0.0241875,-0.0594158378,1.54907077,-5.72115786,923.396677,0.372161546,3.81239774e-07,3.79183031e-10,6.16505808e-07,0.182011011,7.2262406e-06,0.042177345,7.04814037e-07,8.32183869e-07,3.07450276e-26,-3.38427398e-32,3.26186349e-29,1.14553277e-31,2.8964633e-27,7.50831876e-26,9.088519e-06,0.0201358799,1.03368105e-16,7.59753309e-19,7.24709164e-28,1.5909915e-27,4.95470218e-26,4.74544584e-32,7.99369157e-25,5.51640752e-33,8.48835473e-30,4.69938014e-33,1.48394339e-30,7.0797074e-29,5.94282658e-25,1.98825789e-22,4.52033056e-18,1.13060426e-15,2.25195707e-15,2.75314321e-14,3.72114829e-15,6.25278207e-05,1.10247731e-05,3.52854174e-07,5.92408303e-11,1.95681008e-23,3.16376547e-16,1.25783699e-23,2.51197904e-33,3.98388397e-18,1.14374823e-16,3.983618e-14,8.64758736e-17,0.755583009,8.52140218e-23,1.13401594e-39,1.07278025e-40,3.27127827e-30,1.67236059e-32
0.024375,-0.0571744343,1.49349616,-5.72115786,881.009987,0.390554838,3.62958199e-07,2.1214914e-10,4.40842486e-07,0.18591585,5.4298302e-06,0.0395888779,5.4020912e-07,8.12025468e-07,-3.41914493e-26,-1.7884738e-32,1.01597166e-29,3.97257344e-32,1.80325114e-27,6.53494102e-26,8.21081386e-06,0.0182578449,5.35195634e-17,4.68591723e-19,2.50270739e-28,9.3131851e-28,3.69961072e-26,1.95143525e-32,7.11085628e-25,2.856567e-33,9.59321262e-30,4.49099594e-33,1.97957646e-30,-9.42590878e-29,4.97425635e-25,1.78429452e-22,1.84094322e-18,6.34103624e-16,2.02503942e-15,2.44470093e-14,1.77363799e-15,5.71337887e-05,1.09719072e-05,3.19715802e-07,4.29380297e-11,9.08748803e-24,2.87982311e-16,1.27102914e-23,1.07000811e-33,3.60999912e-18,1.03647641e-16,3.57326969e-14,5.8877094e-17,0.756153205,7.85181929e-23,2.52917557e-39,1.63859186e-40,2.15660251e-30,1.37744448e-32
0.0245625,-0.0549731648,1.43780852,-5.72115786,839.863481,0.410194743,3.47357722e-07,1.17997395e-10,3.15472617e-07,0.189638853,4.13424739e-06,0.0370696466,4.05399018e-07,7.80906955e-07,-2.59024424e-30,3.30562341e-32,3.13836146e-30,1.55624185e-32,1.19611628e-27,5.76334056e-26,7.42339251e-06,0.0165001361,2.75871008e-17,2.87173941e-19,8.50833878e-29,5.41067025e-28,2.85939426e-26,7.89973271e-33,6.32543392e-25,1.46509375e-33,1.07290843e-29,4.48404245e-33,2.71392093e-30,-1.24188849e-25,4.09562953e-25,1.59571199e-22,7.80303201e-19,3.52520045e-16,1.85443528e-15,2.1764432e-14,8.29743487e-16,5.21145841e-05,1.07245799e-05,2.887052e-07,3.11626904e-11,4.21140541e-24,2.61354992e-16,1.33069736e-23,-1.75953375e-33,3.26055192e-18,9.36193522e-17,3.20195713e-14,3.91850166e-17,0.756714829,7.21476021e-23,5.93539384e-39,2.38592963e-40,1.27428086e-30,1.1663188e-32
0.02475,-0.0528177068,1.38206993,-5.72115786,800.027038,0.431143538,3.33628835e-07,6.52112703e-11,2.25255103e-07,0.193179407,3.18531637e-06,0.0346225435,2.99016288e-07,7.44026818e-07,1.32522145e-28,-1.7324081e-35,1.00260919e-30,7.79143397e-33,8.29181498e-28,5.12990663e-26,6.71108617e-06,0.0148604974,1.41350545e-17,1.74465385e-19,2.84173326e-29,3.083323e-28,2.27464883e-26,3.14378088e-33,5.63073855e-25,7.43853431e-34,1.18155118e-29,4.50086349e-33,3.67574616e-30,-8.82419767e-29,3.34499578e-25,1.4217696e-22,3.45683392e-19,1.9477999e-16,1.72084799e-15,1.94077484e-14,3.80493216e-16,4.74475813e-05,1.03239547e-05,2.59790942e-07,2.27936831e-11,1.91164815e-24,2.36413703e-16,1.44911521e-23,5.36526527e-37,2.93489404e-18,8.42719025e-17,2.86464216e-14,2.54524325e-17,0.757268022,6.61026572e-23,1.42581933e-38,3.2843842e-40,7.08315871e-31,1.0076836e-32
0.025125,-0.0486638758,1.27069286,-5.72115786,724.509071,0.477209409,3.10149805e-07,2.09392472e-11,1.18211493e-07,0.19971958,2.0009691e-06,0.0299549053,1.61130046e-07,6.63398508e-07,3.45006878e-29,-5.32834692e-33,1.45690588e-31,2.55586594e-33,4.4643241e-28,4.150856e-26,5.47521787e-06,0.0119192952,3.89548178e-18,7.07507123e-20,3.62383099e-30,1.09159555e-28,1.57192158e-26,4.81451235e-34,4.47088382e-25,1.98251098e-34,1.36447667e-29,4.60330287e-33,6.33891176e-30,5.11274451e-30,2.20050102e-25,1.11471552e-22,8.66813655e-20,6.35788754e-17,1.52162725e-15,1.5501192e-14,8.05033832e-17,3.90855683e-05,9.19363563e-06,2.07975262e-07,1.34027374e-11,3.81643359e-25,1.91323229e-16,2.08925799e-23,-1.16240445e-33,2.35138483e-18,6.75195452e-17,2.27796947e-14,1.04345224e-17,0.758349003,5.49749462e-23,7.84474148e-38,5.29177598e-40,2.06639845e-31,7.77946157e-33
0.0255,-0.044747765,1.15985354,-5.72115786,654.809495,0.529197972,2.89363924e-07,6.76920736e-12,6.19143973e-08,0.205559453,1.29960808e-06,0.0256015017,8.53188697e-08,5.83648866e-07,-1.57504251e-26,-5.63664365e-33,3.64309975e-32,9.82816333e-34,2.53592317e-28,3.38369032e-26,4.43248163e-06,0.00939685646,1.07049035e-18,3.00275987e-20,4.82487878e-31,3.66856279e-29,1.13597591e-26,6.58181198e-35,3.52550368e-25,5.17777406e-35,1.46814881e-29,4.53018588e-33,9.87938173e-30,-4.81578846e-30,1.44814939e-25,8.5679177e-23,2.7675471e-20,2.20785221e-17,1.34308304e-15,1.2394314e-14,1.60889569e-17,3.18448205e-05,7.87206727e-06,1.63612256e-07,8.7595041e-12,6.90550565e-26,1.52165527e-16,3.75347675e-23,9.90529048e-34,1.85152211e-18,5.31668337e-17,1.7861671e-14,4.03660668e-18,0.759395556,4.50876594e-23,2.29880012e-37,6.23513144e-40,5.75461615e-32,5.91621844e-33
0.0256875,-0.0428957688,1.10479658,-5.72115786,622.328902,0.557420521,2.79496851e-07,3.80394613e-12,4.41545087e-08,0.208213757,1.04945359e-06,0.023551764,6.12889415e-08,5.45074673e-07,-9.43398005e-32,1.85954374e-33,2.01894289e-32,6.04907634e-34,1.89687099e-28,3.05230354e-26,3.97293906e-06,0.00828847981,5.51557577e-19,1.92395344e-20,1.72156229e-31,2.02058974e-29,9.68607634e-27,2.32247619e-35,3.11641901e-25,2.60405024e-35,1.48434939e-29,4.40156557e-33,1.19155593e-29,-1.81584336e-26,1.17377793e-25,7.45439458e-23,1.63880862e-20,1.31306928e-17,1.25355272e-15,1.10756132e-14,6.9353679e-18,2.86125207e-05,7.20008739e-06,1.44149409e-07,7.25673082e-12,2.79719085e-26,1.34779345e-16,5.05138042e-23,3.16678183e-34,1.63207715e-18,4.68656142e-17,1.57216328e-14,2.43260135e-18,0.75990409,4.06121727e-23,2.26508734e-37,5.73417349e-40,2.95752899e-32,5.09288499e-33
0.025875,-0.0411256487,1.05008681,-5.72115786,591.556074,0.587031041,2.69897797e-07,2.14374848e-12,3.14406681e-08,0.210686614,8.50723177e-07,0.0215937308,4.40830444e-08,5.07582963e-07,1.44835522e-29,3.86906334e-34,1.1526705e-32,3.72015082e-34,1.39663858e-28,2.75101215e-26,3.55265825e-06,0.00728126154,2.83824467e-19,1.24150191e-20,6.31414382e-32,1.12007225e-29,8.26811531e-27,8.14392966e-36,2.74671744e-25,1.31173421e-35,1.47693733e-29,4.24203115e-33,1.40898531e-29,7.93556118e-30,9.52984433e-26,6.455994e-23,1.00432437e-20,7.91456286e-18,1.16386914e-15,9.89724455e-15,2.95087552e-18,2.56342729e-05,6.5370724e-06,1.26484292e-07,6.11462968e-12,1.1015223e-26,1.18865656e-16,6.39019668e-23,-1.38719643e-35,1.43279833e-18,4.11433612e-17,1.37871064e-14,1.45716904e-18,0.76040084,3.64549148e-23,8.45213477e-38,4.80368895e-40,1.51913949e-32,4.35069835e-33
0.02625,-0.0378462667,0.941965189,-5.72115786,535.242847,0.650072697,2.51333384e-07,7.05677776e-13,1.65442211e-08,0.215106519,5.69476105e-07,0.0179621072,2.36869948e-08,4.36071453e-07,-3.38971835e-31,1.73398367e-35,3.86288658e-33,1.29834817e-34,6.9648636e-29,2.22530186e-26,2.81922278e-06,0.00554737723,7.67653448e-20,5.73286486e-21,1.08554808e-32,3.90133149e-30,6.00845051e-27,9.0623447e-37,2.11214733e-25,3.48687018e-36,1.39947544e-29,3.90037129e-33,1.870499e-29,2.70360406e-31,6.38830204e-26,4.77207062e-23,4.11484778e-21,2.97751728e-18,9.86512639e-16,7.90190966e-15,5.29156717e-19,2.03883607e-05,5.27388662e-06,9.61309899e-08,4.50017721e-12,1.588785e-27,9.11924273e-17,8.15351449e-23,-4.03657133e-35,1.09011281e-18,3.13030745e-17,1.04769108e-14,5.32816599e-19,0.761354122,2.90578036e-23,1.86097911e-38,3.13236493e-40,4.15652667e-33,3.11806098e-33
0.026625,-0.0349294152,0.835865452,-5.72115786,485.902786,0.717369973,2.33303993e-07,2.35042114e-13,8.83762341e-09,0.21886922,3.82851228e-07,0.01471597,1.30139743e-08,3.68927401e-07,-9.24167783e-30,-2.20296511e-35,1.25814541e-33,4.02536145e-35,3.09588545e-29,1.78125241e-26,2.20883972e-06,0.00414501965,2.04993938e-20,2.77166815e-21,2.58590504e-33,1.4620721e-30,4.29128241e-27,9.19923834e-38,1.59638732e-25,9.70131191e-37,1.26011289e-29,3.49065684e-33,2.33639817e-29,1.05113274e-31,4.29093446e-26,3.44807498e-23,1.72377463e-21,1.11842752e-18,8.20638766e-16,6.27165501e-15,9.10172783e-20,1.59893054e-05,4.14794203e-06,7.16439968e-08,3.26680759e-12,2.06632004e-28,6.85319934e-17,7.85043851e-23,-1.43191292e-35,8.13355104e-19,2.335587e-17,7.81206025e-15,1.919084e-19,0.762246366,2.27997299e-23,4.43528005e-39,2.01010174e-40,1.13612114e-33,2.18376407e-33
0.027,-0.032399589,0.732204246,-5.72115786,443.625972,0.786993404,2.15743032e-07,8.00554544e-14,4.8350466e-09,0.222007598,2.57996243e-07,0.0118711873,7.36851485e-09,3.06560598e-07,6.5922763e-31,1.52602984e-36,4.0855772e-34,1.18641198e-35,1.31726244e-29,1.40878542e-26,1.70816376e-06,0.00303831693,5.45095977e-21,1.40046299e-21,8.67914126e-34,5.80466447e-31,3.01097994e-27,8.88775715e-39,1.1854909e-25,2.8761674e-37,1.08466283e-29,3.05664663e-33,2.77701492e-29,4.11809746e-32,2.8748856e-26,2.43580789e-23,7.37852144e-22,4.30399046e-19,6.73250441e-16,4.93559649e-15,1.54604446e-20,1.2364523e-05,3.18736142e-06,5.23729312e-08,2.30420722e-12,2.51377859e-29,5.04490182e-17,6.49462102e-23,-2.37726526e-36,5.95292376e-19,1.70941014e-17,5.71572221e-15,6.96746923e-20,0.763064793,1.76140193e-23,1.1307108e-39,1.27984836e-40,3.13846115e-34,1.50519384e-33
0.027375,-0.0302645717,0.631305608,-5.72115786,408.264766,0.856350627,1.98700422e-07,2.82654058e-14,2.73182688e-09,0.224567088,1.7450954e-07,0.00943361603,4.31643988e-09,2.49843465e-07,6.3007177e-32,2.21915527e-36,1.36431357e-34,3.52996499e-36,5.69154175e-30,1.10083303e-26,1.30469301e-06,0.00218790437,1.46431782e-21,7.39849718e-22,3.57248445e-34,2.36986037e-31,2.07857787e-27,8.68090634e-40,8.65887429e-26,9.13155615e-38,8.97917848e-30,2.62844214e-33,3.16956646e-29,1.62324336e-32,1.91501932e-26,1.68503364e-23,3.30721232e-22,1.77755297e-19,5.4721905e-16,3.84573449e-15,2.70015458e-21,9.43683527e-06,2.39900243e-06,3.76082089e-08,1.58887504e-12,3.02288658e-30,3.64226428e-17,4.95700928e-23,6.20302361e-36,4.28011189e-19,1.22905441e-17,4.10884084e-15,2.60537824e-20,0.763797584,1.34130001e-23,3.07912712e-40,8.07669034e-41,8.86752791e-35,1.02889726e-33
0.02775,-0.0285125997,0.533365353,-5.72115786,379.416688,0.922551386,1.82286714e-07,1.05000237e-14,1.60609839e-09,0.226605378,1.1894265e-07,0.00739559347,2.62153871e-09,1.99779745e-07,-2.12669931e-28,-2.09797283e-36,4.72880768e-35,1.0650054e-36,2.49663644e-30,8.5094276e-27,9.85962393e-07,0.00155240565,4.04955817e-22,4.11400294e-22,1.60292315e-34,9.76320116e-32,1.41426779e-27,9.0940097e-41,6.23684022e-26,3.10411279e-38,7.19277295e-30,2.22537851e-33,3.50042648e-29,6.47763986e-33,1.26745848e-26,1.14562747e-23,1.58450233e-22,8.12598771e-20,4.42298725e-16,2.9670791e-15,5.07728805e-22,7.12254284e-06,1.77468601e-06,2.66087564e-08,1.0841165e-12,3.75201983e-31,2.5864741e-17,3.61582432e-23,-6.79920571e-38,3.03223554e-19,8.70720812e-18,2.91061808e-15,1.02503577e-20,0.764436208,1.00895771e-23,9.17087536e-41,5.05431386e-41,2.59766753e-35,7.02570099e-34
0.028125,-0.0271129002,0.438428178,-5.72115786,356.452772,0.982944134,1.6663269e-07,4.16065223e-15,9.88897851e-10,0.228189925,8.21487471e-08,0.00573440751,1.653798e-09,1.57086843e-07,-2.38859824e-31,1.82489161e-36,1.58921785e-35,2.46718165e-37,8.35107157e-31,6.52305741e-27,7.39363801e-07,0.00109060332,1.17657672e-22,2.45138241e-22,7.4670261e-35,4.04428006e-32,9.51032744e-28,1.12723545e-41,4.44938983e-26,1.13110337e-38,5.61007687e-30,1.85915351e-33,3.76321836e-29,2.64676651e-33,8.35933669e-27,7.70233847e-24,8.13147201e-23,4.10520786e-20,3.56570378e-16,2.27040108e-15,1.07366308e-22,5.33285812e-06,1.29638013e-06,1.86411075e-08,7.4024583e-13,5.46947614e-32,1.81553213e-17,2.5712965e-23,4.56478591e-37,2.12704682e-19,6.10791576e-18,2.04162156e-15,4.31896057e-21,0.764977268,7.5224339e-24,3.18504924e-41,3.15175927e-41,8.01111595e-36,4.82322229e-34
0.0285,-0.0260197369,0.346387213,-5.72115786,338.587206,1.03562134,1.51859738e-07,1.77866995e-15,6.40661563e-10,0.22939342,5.78823993e-08,0.00441371378,1.08605454e-09,1.21922519e-07,2.16754037e-29,2.42608541e-38,4.73629173e-34,-1.31272463e-37,-6.3788197e-31,4.97633269e-27,5.52433844e-07,0.000763867899,3.66220184e-23,1.61345224e-22,3.5738649e-35,1.68644687e-32,6.35483323e-28,1.68897192e-42,3.16347957e-26,4.43478737e-39,4.28659733e-30,1.53440334e-33,3.94799673e-29,1.12481083e-33,5.53266487e-27,5.16809889e-24,4.42582299e-23,2.24645794e-20,2.87467276e-16,1.72841759e-15,2.64121958e-23,3.97789421e-06,9.40809306e-07,1.3022093e-08,5.10722276e-13,1.43211009e-32,1.26878683e-17,1.80830265e-23,-7.16216779e-38,1.4877481e-19,4.27213916e-18,1.42794981e-15,1.96747726e-21,0.765423181,5.58424829e-24,1.35200749e-41,1.97870859e-41,2.64575257e-36,3.34759722e-34
0.02925,-0.0244977213,0.169754976,-5.72115786,314.336992,1.11674957,1.25257159e-07,4.42694319e-16,3.45563517e-10,0.23097352,3.24120673e-08,0.00257663412,5.52028149e-10,7.06735768e-08,4.12767636e-30,7.92066766e-38,4.8366947e-29,1.83572944e-35,-5.04766481e-30,2.87131695e-27,3.06948136e-07,0.000374512876,4.81643687e-24,1.06882144e-22,9.29302496e-36,2.83707227e-33,2.83312846e-28,7.49701413e-44,1.59547956e-26,8.58382532e-40,2.33547529e-30,1.03782355e-33,3.98299924e-29,2.45376705e-34,2.47703014e-27,2.33791847e-24,1.70131214e-23,8.29580709e-21,1.8838978e-16,9.92879327e-16,2.7843695e-24,2.20237299e-06,4.88742863e-07,6.35448718e-09,2.60601237e-13,3.87524772e-34,6.17544668e-18,8.80049494e-24,-4.68087531e-38,7.27660131e-20,2.08951055e-18,6.98398114e-16,5.57479883e-22,0.7660721,3.05759159e-24,4.91388698e-42,8.06228814e-42,3.8809714e-37,1.65470065e-34
0.03,-0.0234860071,0,-5.72115786,300,1.17090998,1.02561983e-07,3.87965669e-16,2.2555423e-10,0.231868785,2.10130323e-08,0.00146575054,3.00842415e-10,3.83938019e-08,-2.94164579e-27,-2.25814137e-37,-5.52478817e-29,6.61228754e-36,-3.17420841e-30,1.62209944e-27,1.6713726e-07,0.000178584018,-2.03136148e-24,8.78147782e-23,4.39770473e-36,1.3386425e-33,1.33331068e-28,3.70188166e-44,7.83653341e-27,4.19508003e-40,1.12567646e-30,4.8074428e-34,1.83670722e-29,1.45553592e-34,1.08486608e-27,1.02395253e-24,1.06810876e-23,5.51244691e-21,1.24281702e-16,5.57714677e-16,1.50977943e-24,1.1946748e-06,2.45004595e-07,3.01580762e-09,1.41611156e-13,2.10798894e-34,2.91376194e-18,4.13185578e-24,-2.77830554e-38,3.46162698e-20,9.94022588e-19,3.32242162e-16,2.65868884e-22,0.766485108,1.6364167e-24,1.95925455e-42,3.20587888e-42,1.69520459e-37,7.20921386e-35
