grid,velocity,spreadRate,Lambda,T,D,Y_H2,Y_H,Y_O,Y_O2,Y_OH,Y_H2O,Y_HO2,Y_H2O2,Y_C,Y_CH,Y_CH2,Y_CH2(S),Y_CH3,Y_CH4,Y_CO,Y_CO2,Y_HCO,Y_CH2O,Y_CH2OH,Y_CH3O,Y_CH3OH,Y_C2H,Y_C2H2,Y_C2H3,Y_C2H4,Y_C2H5,Y_C2H6,Y_HCCO,Y_CH2CO,Y_HCCOH,Y_N,Y_NH,Y_NH2,Y_NH3,Y_NNH,Y_NO,Y_NO2,Y_N2O,Y_HNO,Y_CN,Y_HCN,Y_H2CN,Y_HCNN,Y_HCNO,Y_HOCN,Y_HNCO,Y_NCO,Y_N2,Y_AR,Y_C3H7,Y_C3H8,Y_CH2CHO,Y_CH3CHO
0,0.0151891983,-6.11762228e-19,-4.9097657,300,0.658362594,0.00182815784,1.72795608e-15,8.37724545e-17,7.84776046e-08,7.474553e-16,0.0107149751,1.73536896e-13,1.54771922e-12,1.08859192e-15,3.59884387e-16,-1.2556099e-16,9.05772006e-17,2.39140317e-09,0.938331774,0.00384188845,0.00341414759,3.82545696e-12,7.8214236e-08,1.64130192e-13,6.90262116e-15,6.02976072e-08,-3.6215811e-21,0.000753207874,3.65310774e-14,6.75770212e-05,2.40881512e-09,1.21236549e-05,2.91070287e-16,5.2456806e-07,1.3629245e-07,-5.17180112e-17,1.23102331e-16,2.33444871e-15,3.53978597e-06,4.03404702e-25,4.03963888e-06,1.83743613e-10,2.91901048e-09,1.41262976e-12,2.71801108e-17,6.20042735e-06,2.00748945e-11,2.67533082e-15,1.87725253e-08,7.91100136e-10,3.37235411e-07,1.89971019e-17,0.041021117,1.09418583e-20,2.483823e-10,7.78645822e-09,1.46757532e-10,1.23460179e-09
0.000375,0.0158513621,0.225019442,-4.9097657,316.304598,0.627520106,0.00195461559,1.74594843e-15,9.71185526e-17,9.72306186e-08,2.29358594e-16,0.0132602198,2.15211685e-13,1.9212603e-12,5.48915941e-17,5.15852117e-23,1.29959399e-17,1.35293506e-23,2.95001989e-09,0.923332157,0.00477639186,0.00449234915,5.08061172e-12,1.04035666e-07,2.18607747e-13,9.06517291e-15,8.04762445e-08,-1.80357653e-24,0.000984230324,4.780133e-14,8.91114562e-05,3.23244122e-09,1.62945841e-05,3.48055616e-16,7.20949756e-07,1.87316027e-07,7.81723483e-17,1.417739e-16,2.34742891e-15,4.40080356e-06,5.00274205e-25,5.02431305e-06,2.35897959e-10,3.84638786e-09,1.75572656e-12,3.38017717e-17,8.29585093e-06,2.69062318e-11,2.0562245e-15,2.47178473e-08,1.04164421e-09,4.44039018e-07,2.49925131e-17,0.0510752256,1.08389545e-20,3.56240241e-10,1.11784708e-08,2.01882408e-10,1.69982889e-09
0.00075,0.016433591,0.451185483,-4.9097657,335.10098,0.595929931,0.00208088155,3.80220405e-15,5.09928441e-17,1.19178523e-07,2.82902027e-16,0.0162005908,3.22487151e-13,2.35928849e-12,2.60488653e-18,1.14866974e-29,1.4708105e-17,9.82049577e-25,3.71259233e-09,0.905626842,0.00587481003,0.0058286211,7.04333574e-12,1.36217599e-07,3.0002233e-13,1.0459254e-14,1.05717901e-07,7.29102285e-26,0.0012685825,1.11986539e-13,0.000115812062,4.30010484e-09,2.15710765e-05,3.12933835e-16,9.74217417e-07,2.53119503e-07,1.25647484e-17,3.61898843e-16,2.42910907e-15,5.40179088e-06,2.62325843e-24,6.18184736e-06,2.98059935e-10,4.99708454e-09,2.15780347e-12,2.07614513e-18,1.09209149e-05,3.53658466e-11,1.56080691e-15,3.20891228e-08,1.35228004e-09,5.76458931e-07,8.42864261e-18,0.0629575544,1.07031937e-20,5.02725629e-10,1.57092466e-08,2.72760343e-10,2.30078177e-09
0.001125,0.0169188188,0.677319406,-4.9097657,356.409673,0.564406095,0.00220524421,9.12018808e-15,7.58541473e-17,1.44399038e-07,3.58419316e-16,0.0195252317,5.05098858e-13,2.86355997e-12,1.18413617e-19,1.19562784e-29,2.45336745e-17,2.37154365e-24,4.73577337e-09,0.885094871,0.00714248679,0.00744879554,9.91441047e-12,1.75365232e-07,4.19965724e-13,1.14819233e-14,1.36533563e-07,3.4625548e-25,0.0016110577,2.8518637e-13,0.000148175985,5.65629115e-09,2.80922158e-05,5.6157378e-16,1.29263609e-06,3.35850126e-07,1.48529183e-18,9.26590488e-16,2.63439038e-15,6.54118653e-06,1.49722868e-23,7.51776212e-06,3.70317134e-10,6.39354734e-09,2.62290901e-12,8.4874813e-20,1.41287219e-05,4.54659561e-11,1.17290403e-15,4.10281578e-08,1.72898353e-09,7.3704258e-07,6.78361403e-18,0.0767649495,1.05300901e-20,6.9614596e-10,2.15968367e-08,3.61326539e-10,3.05726647e-09
0.0015,0.0172851615,0.902074697,-4.9097657,380.16082,0.533705593,0.00232603618,2.19714682e-14,1.33964477e-16,1.72825953e-07,4.48560518e-16,0.0232021557,7.8544066e-13,3.432931e-12,5.24114971e-21,6.01779389e-29,4.71943331e-17,7.78819791e-24,6.09041421e-09,0.861726053,0.00857749933,0.00936826108,1.3744196e-11,2.2179131e-07,5.94453936e-13,1.23212792e-14,1.73206241e-07,1.56589219e-24,0.0020141867,7.15789632e-13,0.00018647878,7.3427664e-09,3.59549222e-05,1.20138968e-15,1.6823551e-06,4.37105233e-07,1.56229803e-19,2.30761709e-15,3.06014188e-15,7.81016627e-06,8.34111659e-23,9.0298584e-06,4.51933285e-10,8.04901404e-09,3.15228054e-12,2.87120768e-21,1.7947867e-05,5.69069981e-11,8.74028941e-16,5.16178726e-08,2.17524914e-09,9.2727956e-07,1.03164272e-17,0.0925248614,1.03165163e-20,9.43360335e-10,2.90229223e-08,4.68351555e-10,3.98362123e-09
0.001875,0.0175087436,1.12398668,-4.9097657,406.214512,0.504435367,0.00244176088,5.20524871e-14,2.30014122e-16,2.04248074e-07,5.46658919e-16,0.0271808889,1.18133489e-12,4.0633152e-12,2.29050702e-22,3.01004082e-28,8.6706268e-17,3.06280374e-23,7.86619267e-09,0.83562632,0.0101704391,0.0115896862,1.81477637e-11,2.75461186e-07,8.45274145e-13,1.30004595e-14,2.15743505e-07,6.56582796e-24,0.00247781628,1.73667713e-12,0.000230729552,9.39491243e-09,4.52002776e-05,2.47210487e-15,2.14655247e-06,5.57709764e-07,1.67659925e-20,5.51753643e-15,3.88295456e-15,9.19328133e-06,4.38286987e-22,1.07080021e-05,5.4125273e-10,9.96545432e-09,3.74366579e-12,9.69472772e-23,2.23774604e-05,6.88238378e-11,6.46487522e-16,6.386953e-08,2.69155169e-09,1.14737217e-06,1.70406341e-17,0.110190194,1.00611422e-20,1.24738839e-09,3.81029225e-08,5.92733895e-10,5.08591991e-09
0.00225,0.0175667032,1.34152863,-4.9097657,434.38891,0.477007147,0.00255118755,1.20307187e-13,3.78130641e-16,2.38324763e-07,6.47880624e-16,0.0313973484,1.69459558e-12,4.7479787e-12,7.30211814e-24,1.49165715e-27,1.50115194e-16,1.2339836e-22,1.01789999e-08,0.807010513,0.0119050451,0.0141022372,2.19609154e-11,3.35982968e-07,1.20127152e-12,1.3479639e-14,2.63865495e-07,2.50964397e-23,0.00299900841,4.05368231e-12,0.000280658608,1.1836125e-08,5.58063275e-05,4.7827376e-15,2.68493385e-06,6.9758573e-07,8.14415715e-21,1.26277854e-14,5.43116104e-15,1.06699e-05,2.13607373e-21,1.25348202e-05,6.35737349e-10,1.21328186e-08,4.38664832e-12,2.34023408e-23,2.73860323e-05,7.93821551e-11,4.74493894e-16,7.77185068e-08,3.27516815e-09,1.39615941e-06,2.79620532e-17,0.129641814,9.76465382e-21,1.60341743e-09,4.8859629e-08,7.30589002e-10,6.35922219e-09
0.003,0.0171164173,1.75840526,-4.9097657,496.166044,0.428500631,0.00274826549,5.30950309e-13,8.12602698e-16,3.12571568e-07,9.38437609e-16,0.0402618917,3.05887367e-12,6.24262716e-12,9.22657576e-26,3.11967791e-26,3.49958934e-16,1.46768523e-21,1.67737694e-08,0.743611361,0.0157055629,0.0198762828,2.2365815e-11,4.74054984e-07,2.31649337e-12,1.39374106e-14,3.74117698e-07,3.05347792e-22,0.00418661899,1.7404341e-11,0.000394874609,1.78172821e-08,8.05943749e-05,1.41709287e-14,3.95870059e-06,1.02850644e-06,1.01495077e-19,5.42386709e-14,1.23692978e-14,1.38080594e-05,3.54073931e-20,1.65350233e-05,8.29464757e-10,1.71089116e-08,5.71520725e-12,1.84325983e-22,3.88444443e-05,8.70199738e-11,2.53653126e-16,1.0950101e-07,4.6145326e-09,1.96710897e-06,6.50545949e-17,0.173056991,9.06351113e-21,2.40608018e-09,7.48451025e-08,1.02071339e-09,9.33052948e-09
0.00375,0.0158234818,2.14322386,-4.9097657,563.768703,0.388349852,0.00291460328,1.88762531e-12,1.40370559e-15,3.91297866e-07,2.4158388e-15,0.0492258383,5.26234246e-12,7.83065226e-12,1.2221268e-27,4.38658343e-25,6.44810391e-16,1.11564737e-20,2.77866307e-08,0.674854599,0.0197607874,0.0263582927,1.55242303e-11,6.27075579e-07,4.23758685e-12,1.57001834e-14,4.96902123e-07,5.60356231e-21,0.00550598316,5.74292719e-11,0.000522165292,2.46537939e-08,0.000108879494,3.84654341e-14,5.42864124e-06,1.41033397e-06,1.63919766e-18,1.82485949e-13,3.40070141e-14,1.70252722e-05,3.78802166e-19,2.07996377e-05,1.00306221e-09,2.26764648e-08,6.75952513e-12,3.45104821e-21,5.1570496e-05,4.99348478e-11,1.21844414e-16,1.45093347e-07,6.11445238e-09,2.60648997e-06,1.27544606e-16,0.220648147,8.25756592e-21,2.8561693e-09,1.04557473e-07,1.22507546e-09,1.25015612e-08
0.0045,0.0136725028,2.48747878,-4.9097657,636.104719,0.35530741,0.00305098288,5.44633247e-12,2.0118452e-15,4.70719716e-07,1.30233419e-14,0.057853354,8.62233623e-12,9.43404009e-12,7.37742988e-29,2.70467592e-24,9.66175415e-16,5.70513194e-20,4.68199902e-08,0.603876987,0.0238725856,0.0332072935,1.05483865e-11,7.86328121e-07,6.91074119e-12,1.83670528e-14,6.25229639e-07,1.73419398e-19,0.00688607616,1.46630597e-10,0.000655541661,3.02590658e-08,0.000139106968,1.07691799e-13,7.0124003e-06,1.82160176e-06,2.8779239e-17,4.84212576e-13,9.48179271e-14,2.01629411e-05,2.71569781e-18,2.51202506e-05,1.12602725e-09,2.85166827e-08,7.21298544e-12,8.03205275e-20,6.48267211e-05,1.48716401e-11,4.02093904e-17,1.82589848e-07,7.69461096e-09,3.280036e-06,2.296395e-16,0.270333516,7.39515324e-21,1.91165718e-09,1.34399616e-07,1.16993299e-09,1.5129796e-08
0.00525,0.0107025855,2.78532442,-4.9097657,712.272013,0.32795614,0.00316100279,1.33489186e-11,2.52824036e-15,5.47739462e-07,8.16045357e-14,0.0658544147,1.18064144e-11,1.09727787e-11,2.81704751e-28,4.52247123e-24,1.25609918e-15,2.30388068e-19,8.00758703e-08,0.53353867,0.0278737542,0.0400905924,7.68805171e-12,9.4388275e-07,8.88456795e-12,1.98654482e-14,7.52630115e-07,4.35347593e-18,0.00826014918,3.02896515e-10,0.000788396396,3.11285841e-08,0.000169688626,3.04172232e-13,8.62488228e-06,2.24022009e-06,4.31389741e-16,1.05713791e-12,2.51053019e-13,2.31089467e-05,1.41133799e-17,2.93221874e-05,1.1688303e-09,3.43042365e-08,7.39549887e-12,1.27046137e-18,7.79399727e-05,4.91530075e-12,4.66415177e-18,2.20160112e-07,9.27788313e-09,3.9547776e-06,5.46776887e-16,0.320115343,6.52493627e-21,6.40946552e-10,1.5997712e-07,7.12031382e-10,1.62076717e-08
0.006,0.00698459917,3.03396243,-4.9097657,791.452636,0.305060346,0.00324961432,2.94041879e-11,2.97679198e-15,6.20257751e-07,4.57720881e-13,0.0730871504,1.2523542e-11,1.22668833e-11,4.99694814e-27,5.97370321e-24,1.64323086e-15,9.63925887e-19,1.38316683e-07,0.466077117,0.0316471098,0.046738829,6.17249123e-12,1.09385315e-06,7.94449885e-12,2.11779501e-14,8.74190091e-07,7.31831412e-17,0.00957636901,5.3766375e-10,0.000915551895,2.52334896e-08,0.000199284675,8.17918019e-13,1.01934453e-05,2.64788659e-06,4.60238633e-15,2.00713238e-12,6.2584398e-13,2.58020317e-05,5.79187963e-17,3.32840143e-05,1.11885262e-09,3.97560275e-08,8.08610449e-12,1.35266228e-17,9.04069699e-05,2.08011357e-12,1.33148265e-19,2.56353665e-07,1.08033345e-08,4.6044755e-06,1.8908898e-15,0.36833878,5.68697118e-21,2.45763334e-10,1.78205862e-07,2.38588254e-10,1.54619912e-08
0.00675,0.00260400784,3.23341354,-4.9097657,872.836291,0.285652931,0.00332195294,6.14598005e-11,3.57305048e-15,6.87140535e-07,2.24852758e-12,0.0795251967,1.04385776e-11,1.27106733e-11,1.66602822e-25,3.85126651e-23,2.95329541e-15,5.18175672e-18,2.41682035e-07,0.403001696,0.0351265351,0.0529682007,5.59995269e-12,1.23276825e-06,6.13393698e-12,2.55291313e-14,9.86868224e-07,8.66244346e-16,0.0108013202,8.77805338e-10,0.00103359302,1.58843173e-08,0.000226935094,2.07818542e-12,1.16658849e-05,3.03228554e-06,3.39040277e-14,3.47594065e-12,1.49327685e-12,2.82227486e-05,2.02995101e-16,3.69379701e-05,9.92745336e-10,4.46541104e-08,1.00255784e-11,1.06078904e-16,0.000101920536,1.08763732e-12,2.34261209e-21,2.90214812e-07,1.22315199e-08,5.21163428e-06,6.83610277e-15,0.413803864,4.90880047e-21,1.23398806e-10,1.88077564e-07,7.35549703e-11,1.37759513e-08
0.0075,-0.00234939955,3.3858896,-4.9097657,955.592952,0.269011477,0.0033826225,1.28644481e-10,4.84236408e-15,7.48010911e-07,1.00342323e-11,0.0852149941,8.03680342e-12,1.11663524e-11,4.37389159e-24,5.07747143e-22,1.06838433e-14,3.59607671e-17,4.3421167e-07,0.345157339,0.0382871245,0.0586764222,5.91124628e-12,1.3594199e-06,5.49552943e-12,3.70656656e-14,1.08932809e-06,7.89605192e-15,0.0119182216,1.41690274e-09,0.00114066413,9.34821822e-09,0.000252061925,5.15671031e-12,1.30122752e-05,3.38752742e-06,1.77502453e-13,5.73503921e-12,3.53198787e-12,3.03795149e-05,6.53784786e-16,4.02591896e-05,8.25924136e-10,4.88440685e-08,1.39874063e-11,6.73911021e-16,0.000112342105,7.07172464e-13,3.85752092e-21,3.21253377e-07,1.35443489e-08,5.76688883e-06,2.27352126e-14,0.455761174,4.20569066e-21,7.79731679e-11,1.90851503e-07,2.90636822e-11,1.17978691e-08
0.00825,-0.00778933766,3.49559188,-4.9097657,1039.34493,0.25449661,0.00343530714,2.8401516e-10,7.87218633e-15,8.03047109e-07,4.28728159e-11,0.0902413694,6.91902943e-12,7.39123303e-12,9.92509665e-23,7.38096977e-21,7.77895567e-14,3.24180728e-16,8.24733884e-07,0.292826472,0.0411339273,0.0638302431,7.45310697e-12,1.47480184e-06,6.15115876e-12,6.41914622e-14,1.18172989e-06,6.09564743e-14,0.0129237044,2.39364454e-09,0.0012361202,6.65646318e-09,0.000274382238,1.31136254e-11,1.42217119e-05,3.71445711e-06,6.91401246e-13,9.46056361e-12,8.68503911e-12,3.22967682e-05,2.07294948e-15,4.32537704e-05,6.49267452e-10,5.22228969e-08,2.14700702e-11,3.80015028e-15,0.000121662423,5.80856904e-13,1.60426166e-20,3.49378759e-07,1.47449422e-08,6.26762738e-06,7.19612705e-14,0.493872149,3.58233107e-21,6.11771059e-11,1.8827383e-07,1.52801691e-11,9.81509781e-09
0.009,-0.0136339311,3.56772252,-4.9097657,1123.15259,0.241790343,0.0034827148,6.90483892e-10,1.51285893e-14,8.52766124e-07,1.84002855e-10,0.094699332,7.33012182e-12,3.92958286e-12,2.52110183e-21,1.25636117e-19,6.91462792e-13,3.4839079e-15,1.70710761e-06,0.245893651,0.0436890774,0.0684435391,1.14996272e-11,1.58259069e-06,8.74668726e-12,1.32284055e-13,1.26565868e-06,4.29147555e-13,0.013823087,4.36787372e-09,0.00131994604,6.52812181e-09,0.00029367182,3.58115289e-11,1.52963437e-05,4.0220615e-06,2.08037578e-12,1.64426518e-11,2.33435508e-11,3.40046286e-05,6.83666462e-15,4.59455406e-05,4.81226164e-10,5.47013506e-08,3.64176697e-11,2.04104848e-14,0.000129949936,6.19090345e-13,9.55819397e-20,3.74809949e-07,1.5861063e-08,6.71582435e-06,2.32744794e-13,0.528112992,3.0361042e-21,5.98718243e-11,1.80973426e-07,1.08331756e-11,7.94898563e-09
0.0105,-0.0262343788,3.61976775,-4.9097657,1288.66052,0.22064765,0.00356850817,4.34010777e-09,7.18563151e-14,9.38902909e-07,2.8672638e-09,0.102247566,1.24366581e-11,1.88546038e-12,2.3606048e-19,3.80599342e-17,2.99573558e-11,2.58252705e-13,7.37986949e-06,0.16674074,0.0480396926,0.0762109817,3.70549393e-11,1.8018608e-06,2.65006825e-11,6.94297715e-13,1.41982409e-06,1.44937654e-11,0.0153421935,1.40612083e-08,0.00145373793,1.26538211e-08,0.00032154693,2.63510371e-10,1.70838116e-05,4.64828829e-06,9.93643721e-12,5.00846351e-11,1.72041235e-10,3.6904109e-05,6.93505315e-14,5.05445962e-05,2.01266051e-10,5.66882214e-08,1.11428069e-10,4.44488769e-13,0.000143832281,1.15106228e-12,5.36759395e-18,4.1928889e-07,1.80535371e-08,7.47304907e-06,2.26468089e-12,0.585802324,2.14753768e-21,7.90788908e-11,1.49745772e-07,9.38922839e-12,4.69486884e-09
0.01125,-0.0328393967,3.60812047,-4.9097657,1368.12777,0.211977202,0.00360901044,1.33048616e-08,2.30180202e-13,9.78313318e-07,1.25384216e-08,0.105480521,1.86569489e-11,1.77209673e-12,7.20061478e-18,7.48902965e-16,1.69061385e-10,2.07972684e-12,1.80722715e-05,0.133669674,0.0498915889,0.0794574855,9.12416608e-11,2.02401638e-06,6.87590971e-11,2.1125138e-12,1.53445047e-06,8.56534931e-11,0.0159813263,3.07250779e-08,0.00149849394,2.84750317e-08,0.000326743023,8.61998611e-10,1.7994582e-05,5.22966957e-06,1.57904096e-11,1.00347815e-10,5.66640067e-10,3.81378682e-05,2.56223204e-13,5.25404865e-05,1.08599479e-10,5.54655818e-08,2.26139193e-10,2.20733732e-12,0.000149612821,2.29393159e-12,5.49279375e-17,4.42228488e-07,1.99465725e-08,7.80176804e-06,8.26843362e-12,0.609790489,1.79023226e-21,1.21288091e-10,1.33090896e-07,1.32422077e-11,3.411412e-09
0.012,-0.0395619899,3.57561723,-4.9097657,1444.85565,0.204305214,0.00364821625,3.81591123e-08,9.96788331e-13,1.01882148e-06,4.8717367e-08,0.10842121,2.66890916e-11,1.77100464e-12,1.71121757e-16,1.26920318e-14,8.67881917e-10,1.44474502e-11,4.01070494e-05,0.104436318,0.0515570233,0.0823262917,2.30429368e-10,2.47647662e-06,1.98531718e-10,6.4903478e-12,1.73189209e-06,4.30306822e-10,0.0165421572,6.4893396e-08,0.00152270123,6.74056409e-08,0.000320928376,2.66346616e-09,1.92677015e-05,6.29100997e-06,2.17445243e-11,1.83809896e-10,1.72971789e-09,3.92397305e-05,8.61944915e-13,5.44218733e-05,5.31138289e-11,5.24104153e-08,4.19649426e-10,9.54243259e-12,0.000154674462,4.6119148e-12,5.31056593e-16,4.70597333e-07,2.33361409e-08,8.11964873e-06,2.76270277e-11,0.630896905,1.48222928e-21,1.79156671e-10,1.25025955e-07,1.99016742e-11,2.39980396e-09
0.012375,-0.0429498591,3.55241008,-4.9097657,1482.10807,0.200795905,0.00366635299,6.32318203e-08,2.30900441e-12,1.04299154e-06,9.24355518e-08,0.109796352,3.1597809e-11,1.8423032e-12,8.9096759e-16,5.01796635e-14,1.92169671e-09,3.63168894e-11,5.75950399e-05,0.0911398746,0.0523268989,0.0836311479,3.78526274e-10,2.91938714e-06,3.56286436e-10,1.16363772e-11,1.90109322e-06,9.14641489e-10,0.0167816563,9.35700078e-08,0.00152158606,1.03959625e-07,0.000311595798,4.67878543e-09,2.03534965e-05,7.18234717e-06,2.46365551e-11,2.42955841e-10,2.95440869e-09,3.97342875e-05,1.53349352e-12,5.5398666e-05,3.80391716e-11,5.01982908e-08,5.57543598e-10,1.89724699e-11,0.000156900731,6.5152147e-12,1.6345984e-15,4.913225e-07,2.62095444e-08,8.29477293e-06,4.92007412e-11,0.640472151,1.34454576e-21,2.13475975e-10,1.26317388e-07,2.52815534e-11,2.02138048e-09
0.01275,-0.0463493938,3.5249588,-4.9097657,1518.64615,0.197471325,0.00368276636,1.02542508e-07,5.51540535e-12,1.07203693e-06,1.70123193e-07,0.111113424,3.72758853e-11,1.99388287e-12,4.27891173e-15,1.89476725e-13,4.12999839e-09,8.71343463e-11,8.00303245e-05,0.0786943359,0.0530566633,0.0848523153,6.32084502e-10,3.56870698e-06,6.50041823e-10,2.09759535e-11,2.12799179e-06,1.86798131e-09,0.0169836261,1.33065291e-07,0.00150833491,1.57133413e-07,0.000296645368,8.17570532e-09,2.18662844e-05,8.36761827e-06,2.77156103e-11,3.16488834e-10,4.92961315e-09,4.01854093e-05,2.65646587e-12,5.64496293e-05,2.97121331e-11,4.76315573e-08,7.28391002e-10,3.64265848e-11,0.000158890307,9.0752283e-12,4.88682801e-15,5.18761732e-07,3.0075236e-08,8.49196327e-06,8.56187524e-11,0.649429527,1.21699364e-21,2.48218051e-10,1.28859139e-07,3.26554512e-11,1.73123879e-09
0.013125,-0.0497588067,3.49357955,-4.9097657,1554.57546,0.194302484,0.00369607179,1.63041341e-07,1.32922141e-11,1.10969134e-06,3.04806342e-07,0.1123769,4.40757924e-11,2.28094765e-12,1.95226409e-14,6.82459793e-13,8.58259976e-09,1.99374468e-10,0.000107612311,0.0670764928,0.0537476527,0.08599363,1.07386619e-09,4.49627708e-06,1.19225332e-09,3.7881261e-11,2.416717e-06,3.67845473e-09,0.0171303202,1.86279758e-07,0.00147784504,2.307572e-07,0.00027512381,1.42772876e-08,2.39348399e-05,9.88738463e-06,3.13481242e-11,4.09854546e-10,8.05737795e-09,4.05827097e-05,4.49147457e-12,5.76543796e-05,2.64482129e-11,4.48785868e-08,9.42405227e-10,6.77773172e-11,0.00016058671,1.24488111e-11,1.41425551e-14,5.56120487e-07,3.5122035e-08,8.72727816e-06,1.46266644e-10,0.657807263,1.08351772e-21,2.80626426e-10,1.2996008e-07,4.29358858e-11,1.52795945e-09
0.0135,-0.0531802664,3.45856578,-4.9097657,1590.10268,0.191252545,0.00370408013,2.54503261e-07,3.18561681e-11,1.16194905e-06,5.33554293e-07,0.113591115,5.25760523e-11,2.80308507e-12,8.462671e-14,2.3396684e-12,1.71836197e-08,4.34788582e-10,0.000139938257,0.0562790932,0.0543997529,0.087059228,1.8463694e-09,5.77157787e-06,2.16968623e-09,6.79832471e-11,2.75871447e-06,7.00488652e-09,0.0171931742,2.55559763e-07,0.0014232436,3.26346968e-07,0.00024675979,2.49211623e-08,2.66513036e-05,1.17598303e-05,3.62153063e-11,5.33110752e-10,1.29241276e-08,4.09094639e-05,7.42635526e-12,5.9132834e-05,2.7047419e-11,4.21821115e-08,1.21732544e-09,1.22608299e-10,0.000161901743,1.67961153e-11,3.9432059e-14,6.07394615e-07,4.15017985e-08,9.02151861e-06,2.46416178e-10,0.665642288,9.4186086e-22,3.06742143e-10,1.26982794e-07,5.72832179e-11,1.40479506e-09
0.013875,-0.0566212947,3.4201915,-4.9097657,1625.56497,0.18827519,0.00370356193,3.90850883e-07,7.55755033e-11,1.23847547e-06,9.16963172e-07,0.114760373,6.37489397e-11,3.74761391e-12,3.47220767e-13,7.63962187e-12,3.31142262e-08,9.05379051e-10,0.000175956445,0.0463140292,0.0550100825,0.0880544695,3.18635049e-09,7.44985114e-06,3.87908272e-09,1.20236065e-10,3.13076928e-06,1.29449521e-08,0.017129349,3.4156267e-07,0.00133685008,4.41292043e-07,0.000212304429,4.33666383e-08,3.00390859e-05,1.39826778e-05,4.36250992e-11,7.04940964e-10,2.03952747e-08,4.11395225e-05,1.20412426e-11,6.10607518e-05,3.10700095e-11,3.98498579e-08,1.58454007e-09,2.1655809e-10,0.000162706491,2.22925011e-11,1.05671403e-13,6.7734374e-07,4.93601891e-08,9.39989299e-06,4.11726137e-10,0.672969779,8.15181509e-22,3.22027293e-10,1.1808313e-07,7.70696301e-11,1.35137067e-09
0.0140625,-0.0583545976,3.39981618,-4.9097657,1643.45913,0.186792428,0.00369839057,4.82022975e-07,1.16227087e-10,1.29211022e-06,1.19673977e-06,0.115330024,7.09257828e-11,4.4873533e-12,7.00069689e-13,1.35865966e-11,4.53750159e-08,1.2868389e-09,0.000194908114,0.0416563699,0.0552966214,0.0885290209,4.1844565e-09,8.45582896e-06,5.14520743e-09,1.58715857e-10,3.31544424e-06,1.74266964e-08,0.0170260438,3.90117926e-07,0.00127911764,5.03990873e-07,0.0001934054,5.71494396e-08,3.1966085e-05,1.52219503e-05,4.91128759e-11,8.20128082e-10,2.55121532e-08,4.120253e-05,1.5244171e-11,6.22939565e-05,3.45358463e-11,3.89597198e-08,1.82110563e-09,2.8585788e-10,0.000162845273,2.55477228e-11,1.70634215e-13,7.21665067e-07,5.39347313e-08,9.63249175e-06,5.32241264e-10,0.676456212,7.8369728e-22,3.24221375e-10,1.11220781e-07,8.94619803e-11,1.34742936e-09
0.01425,-0.0600988507,3.3786844,-4.9097657,1661.53531,0.185305749,0.00368929333,5.92681222e-07,1.78662259e-10,1.35888276e-06,1.55837583e-06,0.115890129,7.95239882e-11,5.49401187e-12,1.39190117e-12,2.39046439e-11,6.16344586e-08,1.81109692e-09,0.00021410553,0.0372236898,0.0555688305,0.0889892608,5.48507942e-09,9.57350613e-06,6.78354539e-09,2.08349542e-10,3.49344148e-06,2.33147091e-08,0.0168662164,4.41361604e-07,0.00121142078,5.68024867e-07,0.000173768858,7.51457592e-08,3.40254409e-05,1.65410101e-05,5.65232164e-11,9.6273544e-10,3.18210187e-08,4.12239009e-05,1.92307689e-11,6.37466442e-05,3.9130236e-11,3.83028717e-08,2.10495423e-09,3.75822836e-10,0.000162780084,2.91797272e-11,2.72847747e-13,7.72968535e-07,5.89751058e-08,9.89743975e-06,6.88349446e-10,0.679826299,7.53440612e-22,3.22279766e-10,1.02847677e-07,1.03733956e-10,1.35773303e-09
0.0144375,-0.0618569299,3.35682744,-4.9097657,1679.87865,0.18380711,0.00367551709,7.26900751e-07,2.74948868e-10,1.44271295e-06,2.02659816e-06,0.116441313,8.99943311e-11,6.87363038e-12,2.7449678e-12,4.16426143e-11,8.30350374e-08,2.52582727e-09,0.000233221891,0.0330229626,0.0558242362,0.0894371324,7.17292415e-09,1.08024411e-05,8.88921655e-09,2.71921134e-10,3.65888401e-06,3.10113559e-08,0.0166397456,4.94059185e-07,0.00113383726,6.31352141e-07,0.000153776584,9.85833701e-08,3.61886756e-05,1.79340661e-05,6.6849425e-11,1.14230861e-09,3.96013884e-08,4.11948896e-05,2.41877306e-11,6.54683908e-05,4.51033007e-11,3.79313147e-08,2.45043771e-09,4.9250918e-10,0.000162477563,3.32311947e-11,4.32204682e-13,8.32162171e-07,6.45332858e-08,1.01984178e-05,8.91551487e-10,0.683083706,7.24367446e-22,3.15993603e-10,9.31702185e-08,1.20018753e-10,1.38196131e-09
0.014625,-0.0636320976,3.33427598,-4.9097657,1698.58179,0.182288429,0.00365624286,8.89608597e-07,4.24350226e-10,1.54884331e-06,2.63429973e-06,0.116984265,1.02951273e-10,8.77787406e-12,5.37529691e-12,7.18676883e-11,1.10998782e-07,3.49290639e-09,0.000251879844,0.0290619613,0.0560594508,0.0898751497,9.35383748e-09,1.21395024e-05,1.15775775e-08,3.52782647e-10,3.80576122e-06,4.10192273e-08,0.0163358398,5.46501754e-07,0.00104698526,6.91514567e-07,0.000133832486,1.28987767e-07,3.84175837e-05,1.93925096e-05,8.16591384e-11,1.37158649e-09,4.91936774e-08,4.1104647e-05,3.03465843e-11,6.75181997e-05,5.28182201e-11,3.78997566e-08,2.87593182e-09,6.43781748e-10,0.000161899188,3.7754981e-11,6.78312645e-13,9.00264496e-07,7.06735519e-08,1.05388926e-05,1.15735319e-09,0.686231811,6.96435605e-22,3.05360045e-10,8.24971352e-08,1.38389127e-10,1.42055722e-09
0.0148125,-0.0654279179,3.31106018,-4.9097657,1717.74254,0.180741904,0.00363060001,1.08676181e-06,6.58066357e-10,1.68439744e-06,3.4254577e-06,0.117519761,1.19250877e-10,1.14258569e-11,1.04595895e-11,1.22922464e-10,1.47275034e-07,4.79183782e-09,0.00026963812,0.0253489144,0.0562699198,0.0903065522,1.21590966e-08,1.35780747e-05,1.49867459e-08,4.5492302e-10,3.92798204e-06,5.39564611e-08,0.0159434418,5.96495345e-07,0.000952085728,7.45654924e-07,0.000114347051,1.68253585e-07,4.06624949e-05,2.09033501e-05,1.0348462e-10,1.66778326e-09,6.10138216e-08,4.0939716e-05,3.79946226e-11,6.99663317e-05,6.27938042e-11,3.82661979e-08,3.4052368e-09,8.39861392e-10,0.000161000575,4.28189632e-11,1.0546583e-12,9.78427692e-07,7.7472735e-08,1.09218916e-05,1.5067971e-09,0.689273662,6.69604641e-22,2.90591842e-10,7.12152824e-08,1.58828805e-10,1.47493164e-09
0.015,-0.0672481268,3.28720972,-4.9097657,1737.46064,0.179160399,0.00359768663,1.32550309e-06,1.02736777e-09,1.85922579e-06,4.45899296e-06,0.118048709,1.40103232e-10,1.51358095e-11,2.0230832e-11,2.08375153e-10,1.93970685e-07,6.52307218e-09,0.000285979567,0.0218920533,0.0564496143,0.0907354862,1.57491662e-08,1.51067864e-05,1.92781357e-08,5.82984729e-10,4.0193975e-06,7.05641014e-08,0.0154518059,6.41383982e-07,0.000850971941,7.90572379e-07,9.57202056e-05,2.18701971e-07,4.2860382e-05,2.24471133e-05,1.36466021e-10,2.05406403e-09,7.55626113e-08,4.06834341e-05,4.74863198e-11,7.2896504e-05,7.57678405e-11,3.90930478e-08,4.06890144e-09,1.09396703e-09,0.00015973065,4.8512528e-11,1.6239559e-12,1.06795942e-06,8.50189687e-08,1.13496768e-05,1.96842656e-09,0.692211937,6.4383567e-22,2.72106608e-10,5.97616774e-08,1.81191694e-10,1.54765039e-09
0.0151875,-0.0690964489,3.26275381,-4.9097657,1757.83339,0.177537904,0.00355659632,1.61430145e-06,1.61776588e-09,2.08720872e-06,5.81389808e-06,0.118572212,1.67245901e-10,2.03720291e-11,3.88886901e-11,3.49947729e-10,2.53543373e-07,8.81040912e-09,0.000300302138,0.0186990444,0.0565906611,0.091167211,2.03159002e-08,1.67077213e-05,2.46334911e-08,7.42188368e-10,4.07385615e-06,9.16968486e-08,0.0148512676,6.78144472e-07,0.000746034608,8.2284574e-07,7.83235922e-05,2.8312845e-07,4.49332937e-05,2.39951879e-05,1.87430759e-10,2.56134092e-09,9.34293108e-08,4.03152427e-05,5.92554204e-11,7.64084602e-05,9.27909368e-11,4.04488649e-08,4.90557132e-09,1.42304704e-09,0.000158030716,5.49565799e-11,2.47452759e-12,1.17033834e-06,9.34083165e-08,1.18232698e-05,2.58084475e-09,0.695048898,6.19091184e-22,2.50492777e-10,4.85905603e-08,2.05156466e-10,1.64256949e-09
0.015375,-0.0709763569,3.23772112,-4.9097657,1778.95014,0.175870063,0.00350645137,1.96307934e-06,2.57409682e-09,2.38829943e-06,7.596073e-06,0.119091642,2.03217931e-10,2.78151765e-11,7.42387915e-11,5.81725435e-10,3.28728372e-07,1.18011237e-08,0.000311919185,0.0157763058,0.0566829105,0.091608321,2.60816787e-08,1.83542429e-05,3.1246412e-08,9.38116581e-10,4.08537937e-06,1.18283808e-07,0.0141342031,7.03583386e-07,0.00064009717,8.390638e-07,6.24821256e-05,3.64840412e-07,4.6787993e-05,2.55066649e-05,2.67701519e-10,3.2304061e-09,1.15285076e-07,3.98099227e-05,7.38276572e-11,8.06208503e-05,1.15365539e-10,4.24109542e-08,5.96325457e-09,1.8485588e-09,0.000155833438,6.23188402e-11,3.72706477e-12,1.28721802e-06,1.0273827e-07,1.23417702e-05,3.39598608e-09,0.697786349,5.95334845e-22,2.2645923e-10,3.81359469e-08,2.30186934e-10,1.76486449e-09
0.0155625,-0.0728907721,3.21213971,-4.9097657,1800.88574,0.174154714,0.00344644079,2.38337895e-06,4.14582914e-09,2.79178801e-06,9.94766326e-06,0.119608742,2.51804233e-10,3.84700293e-11,1.4057953e-10,9.55909792e-10,4.22371356e-07,1.56621968e-08,0.000320078256,0.013128226,0.0567134496,0.0920669717,3.32943199e-08,2.00088349e-05,3.9307101e-08,1.17633694e-09,4.04855225e-06,1.51243266e-07,0.0132961496,7.14664091e-07,0.000536224568,8.36200393e-07,4.84548511e-05,4.67703367e-07,4.83181179e-05,2.6924832e-05,3.96118727e-10,4.11444306e-09,1.41861593e-07,3.91368025e-05,9.18359191e-11,8.56742506e-05,1.45652401e-10,4.50693188e-08,7.30043527e-09,2.39724845e-09,0.000153061833,7.08366223e-11,5.54061541e-12,1.42041355e-06,1.13096677e-07,1.2901398e-05,4.48325507e-09,0.700425608,5.72531277e-22,2.00782452e-10,2.87717106e-08,2.55518943e-10,1.92089341e-09
0.01575,-0.0748417137,3.18603685,-4.9097657,1823.69297,0.17239243,0.00337585983,2.88875668e-06,6.77125404e-09,3.34162462e-06,1.30606458e-05,0.120125752,3.18780945e-10,5.38386354e-11,2.63700757e-10,1.55036196e-09,5.37167208e-07,2.05718238e-08,0.000324009186,0.0107563311,0.0566660801,0.0925530834,4.22191096e-08,2.16217923e-05,4.89823088e-08,1.4619468e-09,3.95920739e-06,1.91339503e-07,0.0123370091,7.08973369e-07,0.000437478908,8.12145528e-07,3.64160975e-05,5.962679e-07,4.94105316e-05,2.81736794e-05,6.04119348e-10,5.28224583e-09,1.73914373e-07,3.8259011e-05,1.1404534e-10,9.17340106e-05,1.86778899e-10,4.85329993e-08,8.98736161e-09,3.10195878e-09,0.000149628372,8.08501677e-11,8.11690158e-12,1.57186334e-06,1.24544134e-07,1.34941945e-05,5.93488876e-09,0.702967474,5.50645847e-22,1.74267453e-10,2.07733584e-08,2.80208171e-10,2.11787615e-09
0.0159375,-0.0768299067,3.15943878,-4.9097657,1847.3945,0.170587007,0.00329414455,3.49590655e-06,1.12406477e-08,4.10530899e-06,1.71988816e-05,0.120645551,4.13223166e-10,7.6221002e-11,4.89591979e-10,2.47869154e-09,6.75388388e-07,2.67087729e-08,0.000323010003,0.00865849013,0.056520788,0.0930784977,5.31365162e-08,2.31320965e-05,6.04003684e-08,1.79936355e-09,3.81540989e-06,2.38988422e-07,0.0112622033,6.85291923e-07,0.000346646439,7.6633879e-07,2.64394271e-05,7.56160087e-07,4.99574848e-05,2.91550257e-05,9.44483416e-10,6.82348321e-09,2.1218263e-07,3.7132867e-05,1.41409689e-10,9.89924593e-05,2.43304347e-10,5.29407368e-08,1.11090361e-08,4.00280228e-09,0.000145434363,9.2853607e-11,1.17051449e-11,1.74354928e-06,1.37087434e-07,1.41063123e-05,7.87360866e-09,0.70541223,5.29644465e-22,1.47731706e-10,1.42880839e-08,3.03286396e-10,2.36351803e-09
0.016125,-0.0788543615,3.13237043,-4.9097657,1871.97446,0.168745852,0.0032008904,4.227636e-06,1.90324441e-08,5.18916338e-06,2.27388926e-05,0.121171804,5.4993987e-10,1.09292081e-10,9.00496725e-10,3.90619535e-09,8.38849291e-07,3.4250015e-08,0.000316568042,0.00682831432,0.0562532191,0.093657066,6.63694025e-08,2.44720636e-05,7.36651021e-08,2.19310236e-09,3.61859734e-06,2.94059488e-07,0.0100835903,6.44152892e-07,0.000265970032,7.00340558e-07,1.84882339e-05,9.55116974e-07,4.98750892e-05,2.97471408e-05,1.50732261e-09,8.85999223e-09,2.57382961e-07,3.57074883e-05,1.75210146e-10,0.000107669917,3.21937036e-10,5.84789832e-08,1.37741321e-08,5.14985724e-09,0.000140369779,1.07585302e-10,1.66192922e-11,1.93732317e-06,1.50641168e-07,1.47158084e-05,1.04656039e-08,0.707759667,5.09493407e-22,1.2200196e-10,9.32105896e-09,3.24076575e-10,2.66596131e-09
0.0163125,-0.0809119184,3.10485506,-4.9097657,1897.36954,0.1668803,0.00309583847,5.11989216e-06,3.30644574e-08,6.76552975e-06,3.02531498e-05,0.121709107,7.54348773e-10,1.59322179e-10,1.64827155e-09,6.08281628e-09,1.02955482e-06,4.33988241e-08,0.000304485873,0.00525496737,0.055834102,0.094304695,8.23873269e-08,2.55764236e-05,8.89376402e-08,2.65075809e-09,3.37444217e-06,3.55772851e-07,0.00881993746,5.8816275e-07,0.000196927242,6.18042194e-07,1.24172744e-05,1.20533733e-06,4.91251426e-05,2.98059884e-05,2.45231293e-09,1.15726979e-08,3.10305783e-07,3.39246711e-05,2.17382317e-10,0.000118014079,4.32679941e-10,6.54102227e-08,1.71387396e-08,6.61020154e-09,0.000134313568,1.26219318e-10,2.3300554e-11,2.15448188e-06,1.64974301e-07,1.52897423e-05,1.39463344e-08,0.710009147,4.90159165e-22,9.78869244e-11,5.74454583e-09,3.4268902e-10,3.03460244e-09
0.0165,-0.0829967024,3.07691388,-4.9097657,1923.45854,0.165005975,0.00297880697,6.23651099e-06,5.95361925e-08,9.1234855e-06,4.06868922e-05,0.122263101,1.07302916e-09,2.37950062e-10,3.03388984e-09,9.42215608e-09,1.25146347e-06,5.44704987e-08,0.000286930958,0.00392365946,0.05522838,0.0950394699,1.02055758e-07,2.63925934e-05,1.06619264e-07,3.18932042e-09,3.09257033e-06,4.22780351e-07,0.00749682749,5.21759527e-07,0.000140094708,5.25142686e-07,7.98840686e-06,1.52803977e-06,4.77297083e-05,2.9170513e-05,4.08090488e-09,1.52628995e-08,3.72075083e-07,3.17191445e-05,2.71219592e-10,0.000130297707,5.90758041e-10,7.41088685e-08,2.14589513e-08,8.48444245e-09,0.000127134088,1.50794279e-10,3.24908338e-11,2.39466418e-06,1.79637859e-07,1.57800399e-05,1.86742659e-08,0.712159692,4.71608331e-22,7.60753924e-11,3.33128338e-09,3.60628108e-10,3.48154778e-09
0.0166875,-0.0850993525,3.04856552,-4.9097657,1950.04749,0.163143439,0.00284954235,7.69643628e-06,1.12871416e-07,1.27690458e-05,5.57264697e-05,0.122840577,1.59830352e-09,3.6874421e-10,5.71235741e-09,1.46841293e-08,1.51282398e-06,6.80245155e-08,0.000264270127,0.00281706799,0.0543934632,0.0958821254,1.27070822e-07,2.68805664e-05,1.27581075e-07,3.84359051e-09,2.78390154e-06,4.93254596e-07,0.00614612271,4.50097287e-07,9.51385072e-05,4.2769089e-07,4.90153161e-06,1.96050254e-06,4.57558435e-05,2.76742423e-05,7.0076737e-09,2.04743161e-08,4.44440146e-07,2.90198979e-05,3.42718212e-10,0.000144814762,8.2001919e-10,8.50793873e-08,2.71829291e-08,1.09386297e-08,0.000118688495,1.85051317e-10,4.56085658e-11,2.65306774e-06,1.93868159e-07,1.61169202e-05,2.52341636e-08,0.714210083,4.53807468e-22,5.69464168e-11,1.8057953e-09,3.81232965e-10,4.01999885e-09
0.016875,-0.0872058095,3.0198254,-4.9097657,1976.84609,0.16131949,0.00270747251,9.71588424e-06,2.29810326e-07,1.86367838e-05,7.85104533e-05,0.123449636,2.52860247e-09,6.02806207e-10,1.11999499e-08,2.33318285e-08,1.82543761e-06,8.48783761e-08,0.000236610205,0.00191764946,0.0532755558,0.0968572355,1.60455224e-07,2.69853189e-05,1.53114588e-07,4.66764172e-09,2.4552171e-06,5.63958439e-07,0.00480556299,3.77072605e-07,6.09737172e-05,3.30278342e-07,2.83994825e-06,2.56172048e-06,4.32455974e-05,2.51689432e-05,1.25422683e-08,2.81837525e-08,5.29393757e-07,2.57554578e-05,4.42759276e-10,0.000161872617,1.15868015e-09,9.88713866e-08,3.50553009e-08,1.42477719e-08,0.000108818959,2.35330365e-10,6.53612566e-11,2.91407554e-06,2.0645727e-07,1.61980129e-05,3.45910633e-08,0.71615889,4.36722912e-22,4.04249022e-11,9.00743706e-10,4.09275427e-10,4.64803426e-09
0.01696875,-0.0882527718,3.0053114,-4.9097657,1990.16609,0.160435414,0.00263114095,1.1073889e-05,3.4124375e-07,2.31116623e-05,9.47631052e-05,0.12377022,3.30483381e-09,7.96146095e-10,1.61682376e-08,2.98705009e-08,2.00889111e-06,9.505865e-08,0.000220902803,0.00154009478,0.0525817877,0.0974070135,1.82156843e-07,2.68593519e-05,1.68461228e-07,5.17672099e-09,2.28349054e-06,5.99254056e-07,0.00415554369,3.4104296e-07,4.74087277e-05,2.82835617e-07,2.10106015e-06,2.95927153e-06,4.1777859e-05,2.35170459e-05,1.7229988e-08,3.35781916e-08,5.7762589e-07,2.38865527e-05,5.10359444e-10,0.000171480905,1.39045736e-09,1.0692149e-07,4.02369849e-08,1.63891433e-08,0.000103272293,2.7093161e-10,7.95381853e-11,3.03091979e-06,2.11505044e-07,1.60840343e-05,4.08517951e-08,0.71709456,4.28434654e-22,3.30824113e-11,6.10068685e-10,4.29029306e-10,4.97481939e-09
0.0170625,-0.0892920304,2.99070237,-4.9097657,2003.36125,0.159575427,0.00255103171,1.2730358e-05,5.18984754e-07,2.90229651e-05,0.000115569949,0.124102694,4.41155025e-09,1.07089821e-09,2.35427957e-08,3.84154447e-08,2.20284095e-06,1.06121881e-07,0.000203472872,0.00120956855,0.0517866582,0.0980027416,2.07523369e-07,2.65457286e-05,1.84920853e-07,5.73744542e-09,2.1024055e-06,6.30914137e-07,0.00352585609,3.04257409e-07,3.59615462e-05,2.35876217e-07,1.51391231e-06,3.42380827e-06,4.00652894e-05,2.1593307e-05,2.3865838e-08,4.02422184e-08,6.27953373e-07,2.1860496e-05,5.93204589e-10,0.0001818358,1.67777996e-09,1.15598706e-07,4.63339107e-08,1.89118164e-08,9.72934066e-05,3.13592672e-10,9.73050036e-11,3.12840408e-06,2.15363139e-07,1.58408824e-05,4.84126134e-08,0.718003878,4.20313887e-22,2.61840912e-11,3.97107528e-10,4.51276698e-10,5.27168201e-09
0.01715625,-0.0903194402,2.97599892,-4.9097657,2016.3473,0.158745951,0.0024668181,1.47624611e-05,8.09192068e-07,3.69822321e-05,0.000142473311,0.124448671,6.03236517e-09,1.46817151e-09,3.44354983e-08,4.94298692e-08,2.3967901e-06,1.17614138e-07,0.00018404366,0.000924911944,0.0508760901,0.0986497586,2.36559585e-07,2.5962758e-05,2.016649e-07,6.32798213e-09,1.90800371e-06,6.5576526e-07,0.0029238853,2.66159512e-07,2.64295125e-05,1.89733287e-07,1.0523851e-06,3.95035251e-06,3.79947178e-05,1.94108695e-05,3.32100729e-08,4.83702871e-08,6.78061754e-07,1.96836208e-05,6.95324122e-10,0.000192956992,2.03754404e-09,1.24604283e-07,5.33741177e-08,2.18677504e-08,9.0853391e-05,3.62366019e-10,1.19218701e-10,3.19246794e-06,2.17640946e-07,1.54380024e-05,5.74865648e-08,0.718886555,4.12356098e-22,1.97383746e-11,2.44788828e-10,4.74448597e-10,5.48192821e-09
0.01725,-0.0913301701,2.96120121,-4.9097657,2029.02627,0.157954218,0.00237811886,1.72537512e-05,1.29135123e-06,4.79088141e-05,0.000177450073,0.124809872,8.46310955e-09,2.04923773e-09,5.00865366e-08,6.31717093e-08,2.57091834e-06,1.28582074e-07,0.000162469416,0.000684932633,0.0498337834,0.0993537353,2.68413313e-07,2.50096705e-05,2.17048583e-07,6.89979011e-09,1.69708164e-06,6.69071352e-07,0.00235799262,2.26311926e-07,1.86480922e-05,1.45360726e-07,6.97420735e-07,4.5139372e-06,3.54353612e-05,1.70017213e-05,4.60216322e-08,5.79928668e-08,7.23905926e-07,1.73738431e-05,8.21163797e-10,0.000204840767,2.4919092e-09,1.33402899e-07,6.12076709e-08,2.52733664e-08,8.39244398e-05,4.12530427e-10,1.45261416e-10,3.20496272e-06,2.1787419e-07,1.48426034e-05,6.81936494e-08,0.719742302,4.04556711e-22,1.38925097e-11,1.4031044e-10,4.95096052e-10,5.52703826e-09
0.01734375,-0.0923187375,2.94630891,-4.9097657,2041.28708,0.157208164,0.00228452786,2.02865567e-05,2.10099196e-06,6.31977284e-05,0.000222967219,0.12518795,1.21805675e-08,2.90340754e-09,7.13619373e-08,7.93146081e-08,2.69399593e-06,1.37419823e-07,0.000138874522,0.000488143134,0.0486416174,0.10012021,3.00736552e-07,2.35726656e-05,2.28419628e-07,7.36908293e-09,1.4684012e-06,6.64753385e-07,0.00183754627,1.84833433e-07,1.24833918e-05,1.04380108e-07,4.34036608e-07,5.05815145e-06,3.22588323e-05,1.44222233e-05,6.26826244e-08,6.87943757e-08,7.59358577e-07,1.49655983e-05,9.75210945e-10,0.000217442666,3.07034734e-09,1.41164376e-07,6.93933833e-08,2.90706102e-08,7.64865971e-05,4.53690874e-10,1.7415742e-10,3.14459211e-06,2.15525824e-07,1.40238396e-05,8.0448825e-08,0.720570893,3.96911078e-22,8.90121901e-12,7.30827847e-11,5.073787e-10,5.31681096e-09
0.0174375,-0.0932791811,2.93132116,-4.9097657,2053.00877,0.156516116,0.0021856773,2.39287891e-05,3.46316488e-06,8.49695924e-05,0.000281978301,0.125584078,1.7941894e-08,4.15572278e-09,9.76598386e-08,9.64099011e-08,2.72514633e-06,1.41893192e-07,0.000113828241,0.00033238784,0.0472809679,0.100953694,3.29048171e-07,2.15482364e-05,2.32251614e-07,7.61738881e-09,1.22446774e-06,6.363955e-07,0.00137262812,1.42838611e-07,7.81159936e-06,6.88880262e-08,2.49061536e-07,5.48683155e-06,2.83847341e-05,1.17582574e-05,8.24971107e-08,7.989953e-08,7.76511791e-07,1.25141855e-05,1.16131982e-09,0.000230652725,3.81153523e-09,1.46771889e-07,7.7111415e-08,3.30707038e-08,6.85415137e-05,4.69929162e-10,2.02545122e-10,2.99007181e-06,2.10012095e-07,1.29603113e-05,9.3805996e-08,0.721372266,3.89414563e-22,5.03467021e-12,3.3643265e-11,5.03293602e-10,4.78057317e-09
0.01753125,-0.0942054528,2.91623655,-4.9097657,2064.068,0.15588616,0.00208134502,2.82147696e-05,5.73513438e-06,0.000116421849,0.000357816076,0.125998142,2.69127054e-08,5.97088218e-09,1.25391987e-07,1.11415384e-07,2.62244077e-06,1.39520795e-07,8.84430422e-05,0.000214486681,0.0457354475,0.10185625,3.46547555e-07,1.88850931e-05,2.24864053e-07,7.51103253e-09,9.72993958e-07,5.79366789e-07,0.00097314737,1.02627861e-07,4.48881741e-06,4.08377782e-08,1.28978131e-07,5.66988471e-06,2.38448177e-05,9.12653971e-06,1.02875608e-07,8.97460116e-08,7.67017347e-07,1.00972631e-05,1.38170676e-09,0.000244264714,4.76438421e-09,1.48966035e-07,8.31869971e-08,3.68919512e-08,6.01354276e-05,4.45346345e-10,2.24481178e-10,2.72637028e-06,2.00772167e-07,1.16510082e-05,1.07293258e-07,0.722146677,3.82062565e-22,2.42591524e-12,1.3254764e-11,4.74555235e-10,3.91752816e-09
0.017625,-0.0950921057,2.90105318,-4.9097657,2074.35246,0.155325086,0.00197160679,3.31217842e-05,9.44265719e-06,0.000162276502,0.000453889575,0.126427502,4.07914983e-08,8.54603732e-09,1.47189071e-07,1.19815149e-07,2.35905692e-06,1.28400361e-07,6.42726214e-05,0.000130062252,0.043995387,0.102825591,3.45080751e-07,1.56360062e-05,2.03775161e-07,6.94384541e-09,7.26828721e-07,4.93794084e-07,0.000647129879,6.73239698e-08,2.32446865e-06,2.11851059e-08,5.89063564e-08,5.47683342e-06,1.88410938e-05,6.66635182e-06,1.19162421e-07,9.62586549e-08,7.24659498e-07,7.81035975e-06,1.63569819e-09,0.000257946715,5.9858798e-09,1.4667694e-07,8.63275523e-08,3.99312964e-08,5.13893842e-05,3.75275156e-10,2.32156077e-10,2.35366097e-06,1.87403624e-07,1.01277069e-05,1.19333394e-07,0.722894886,3.74850718e-22,9.58951264e-13,4.33157215e-12,4.16593823e-10,2.83798026e-09
0.017671875,-0.0955191004,2.8934238,-4.9097657,2079.17295,0.155072063,0.00191489887,3.57739406e-05,1.20613105e-05,0.000193175548,0.000510491941,0.126645663,5.03739297e-08,1.0191614e-08,1.52606999e-07,1.20097608e-07,2.16970847e-06,1.19500795e-07,5.3210904e-05,9.8449996e-05,0.0430528603,0.103332421,3.3530078e-07,1.38645339e-05,1.8821504e-07,6.48358956e-09,6.11487869e-07,4.42420308e-07,0.000513167937,5.22425785e-08,1.5904947e-06,1.43845397e-08,3.7546073e-08,5.21866337e-06,1.63045147e-05,5.5501767e-06,1.2383129e-07,9.75871276e-08,6.90931034e-07,6.75331859e-06,1.77369096e-09,0.000264638795,6.71954473e-09,1.43685138e-07,8.64458818e-08,4.09253541e-08,4.69708438e-05,3.26973196e-10,2.28459347e-10,2.13519144e-06,1.79195354e-07,9.31272955e-06,1.24219368e-07,0.723259677,3.71285387e-22,5.49563344e-13,2.25603301e-12,3.77540062e-10,2.29235746e-09
0.01771875,-0.0959349419,2.88576872,-4.9097657,2083.77296,0.154837444,0.00185710442,3.85329132e-05,1.5317302e-05,0.000230473822,0.00057317152,0.126864646,6.21093915e-08,1.21032616e-08,1.53187875e-07,1.17183266e-07,1.94770279e-06,1.08584812e-07,4.30738949e-05,7.30777245e-05,0.0420641755,0.103852026,3.18809255e-07,1.20400714e-05,1.69743124e-07,5.91364025e-09,5.03636163e-07,3.87319776e-07,0.000398461612,3.93404756e-08,1.05061818e-06,9.34356146e-09,2.29689263e-08,4.8522981e-06,1.38116973e-05,4.52845372e-06,1.25588183e-07,9.74006131e-08,6.49284203e-07,5.76574601e-06,1.91776573e-09,0.000271161118,7.54309742e-09,1.39512398e-07,8.55225135e-08,4.14438294e-08,4.25613449e-05,2.74753577e-10,2.19028788e-10,1.90097601e-06,1.69985758e-07,8.47544604e-06,1.27978465e-07,0.723618486,3.67771351e-22,2.95159316e-13,1.10757886e-12,3.33392375e-10,1.77455858e-09
0.017765625,-0.0963395614,2.87808762,-4.9097657,2088.15034,0.154621071,0.00179839547,4.13691166e-05,1.93239662e-05,0.000275430635,0.000642120875,0.127082733,7.63810541e-08,1.43019334e-08,1.48335759e-07,1.10981131e-07,1.70252109e-06,9.61056442e-08,3.40357892e-05,5.31192189e-05,0.0410325161,0.10438206,2.95900089e-07,1.02168521e-05,1.49139633e-07,5.25695669e-09,4.0534321e-07,3.30574679e-07,0.000302408414,2.8701262e-08,6.67884693e-07,5.78510179e-09,1.34262009e-08,4.39126432e-06,1.14301702e-05,3.61480856e-06,1.24121093e-07,9.55927873e-08,6.00749605e-07,4.85763056e-06,2.06644475e-09,0.000277439835,8.46411818e-09,1.34281076e-07,8.35474818e-08,4.14063027e-08,3.82053292e-05,2.22716729e-10,2.03988215e-10,1.65806645e-06,1.5985442e-07,7.63083808e-06,1.30357414e-07,0.72397161,3.64275081e-22,1.47543674e-13,5.08067509e-13,2.86225914e-10,1.31189195e-09
0.0178125,-0.0967330907,2.8703802,-4.9097657,2092.30696,0.154422477,0.00173898223,4.4247694e-05,2.419241e-05,0.00032947309,0.00071739435,0.127297897,9.35846405e-08,1.68024367e-08,1.38131539e-07,1.0173682e-07,1.44575181e-06,8.26566739e-08,2.6205731e-05,3.77599831e-05,0.0399622694,0.104919711,2.67477063e-07,8.45232131e-06,1.27365882e-07,4.54410293e-09,3.18195304e-07,2.74424926e-07,0.000223927043,2.02607166e-08,4.07472392e-07,3.4030234e-09,7.47404357e-09,3.85866313e-06,9.22282676e-06,2.81798606e-06,1.19460545e-07,9.21786524e-08,5.46835309e-07,4.0365936e-06,2.21796677e-09,0.000283400436,9.48881406e-09,1.28187773e-07,8.05823329e-08,4.0761404e-08,3.39515694e-05,1.74537399e-10,1.84041189e-10,1.4144326e-06,1.48925575e-07,6.79494048e-06,1.31160004e-07,0.72431938,3.60825249e-22,6.83064591e-14,2.16741257e-13,2.38411245e-10,9.23111036e-10
0.017859375,-0.0971158565,2.86264619,-4.9097657,2096.24857,0.154240909,0.00167910896,4.71292242e-05,3.00291388e-05,0.000394190267,0.000798902565,0.127507839,1.14118236e-07,1.96124954e-08,1.23358655e-07,9.00349262e-08,1.19002121e-06,6.89225795e-08,1.96261641e-05,2.62146743e-05,0.0388589173,0.105461757,2.35011774e-07,6.80173584e-06,1.05488571e-07,3.81084542e-09,2.43169965e-07,2.21100645e-07,0.000161494715,1.3832822e-08,2.37994345e-07,1.89509878e-09,3.94818708e-09,3.28476544e-06,7.241856e-06,2.14159973e-06,1.11978749e-07,8.72923199e-08,4.89407077e-07,3.30736365e-06,2.3703215e-09,0.000288972283,1.06220147e-08,1.21493745e-07,7.6752596e-08,3.94948202e-08,2.98507423e-05,1.32861931e-10,1.60432191e-10,1.1782456e-06,1.37364418e-07,5.98372538e-06,1.30261734e-07,0.724662148,3.57396697e-22,2.91264309e-14,8.54889203e-14,1.92341252e-10,6.16370233e-10
0.01790625,-0.097488349,2.85488531,-4.9097657,2099.98422,0.154075374,0.00161904466,4.99713156e-05,3.69303468e-05,0.000471323535,0.000886406318,0.127710073,1.38365656e-07,2.27319169e-08,1.05389833e-07,7.67306028e-08,9.47400313e-07,5.55935711e-08,1.42725115e-05,1.77508502e-05,0.0377288,0.106004666,2.00388393e-07,5.31223802e-06,8.45457767e-08,3.0937662e-09,1.80575546e-07,1.72506382e-07,0.000113238354,9.13516057e-09,1.32834474e-07,9.96159077e-10,1.97353892e-09,2.70309899e-06,5.52341269e-06,1.58379533e-06,1.02324217e-07,8.11727577e-08,4.30513225e-07,2.67150525e-06,2.52133019e-09,0.000294093346,1.18672226e-08,1.14505914e-07,7.22335067e-08,3.76343837e-08,2.59524314e-05,9.89535001e-11,1.34787396e-10,9.57067702e-07,1.25371254e-07,5.21190707e-06,1.27628923e-07,0.725000276,3.54009209e-22,1.13967435e-14,3.10786565e-14,1.50070881e-10,3.89512241e-10
0.017953125,-0.0978511777,2.84709736,-4.9097657,2103.52533,0.153924719,0.00155907147,5.27304916e-05,4.49775685e-05,0.000562748174,0.000979520009,0.127902031,1.66678824e-07,2.61522266e-08,8.59438246e-08,6.28293205e-08,7.2801762e-07,4.32857288e-08,1.00607371e-05,1.17064825e-05,0.0365787999,0.106544717,1.6566827e-07,4.017797e-06,6.54346274e-08,2.42621339e-09,1.30048413e-07,1.30069516e-07,7.70588339e-05,5.83992463e-09,7.07462455e-08,4.92417853e-10,9.29983663e-10,2.14600692e-06,4.0845103e-06,1.13766467e-06,9.13072785e-08,7.41363218e-08,3.72202657e-07,2.12737877e-06,2.66873986e-09,0.000298714641,1.32266641e-08,1.07552099e-07,6.72317473e-08,3.52496182e-08,2.23018466e-05,7.27900622e-11,1.0889054e-10,7.57095348e-07,1.13172336e-07,4.49184246e-06,1.23324067e-07,0.725334115,3.50646784e-22,4.06875168e-15,1.0348808e-14,1.13098006e-10,2.32442104e-10
0.018,-0.098205007,2.83928215,-4.9097657,2106.88448,0.153787732,0.00149947128,5.53642974e-05,5.42335016e-05,0.000670454072,0.0010777272,0.128081179,1.99360984e-07,2.98571632e-08,6.67485303e-08,4.93072916e-08,5.38735789e-07,3.24542393e-08,6.86015335e-06,7.50531689e-06,0.0354159661,0.107078127,1.32765342e-07,2.9355988e-06,4.87877233e-08,1.83355983e-09,9.06362674e-08,9.45368686e-08,5.07814369e-05,3.61568138e-09,3.59138929e-08,2.28170133e-10,4.11852239e-10,1.6399359e-06,2.92260765e-06,7.91957615e-07,7.97618653e-08,6.65386536e-08,3.16327285e-07,1.6704397e-06,2.81033187e-09,0.000302803485,1.47015418e-08,1.00954174e-07,6.19642669e-08,3.24438071e-08,1.89367611e-05,5.34290367e-11,8.43769946e-11,5.82602037e-07,1.01006025e-07,3.83272486e-06,1.17500513e-07,0.725663995,3.47320407e-22,1.32079555e-15,3.1475245e-15,8.22007009e-11,1.30687846e-10
0.018046875,-0.0985504939,2.83143953,-4.9097657,2110.07408,0.153663237,0.00144051323,5.78332109e-05,6.47397213e-05,0.000796520203,0.00118040165,0.128245125,2.36650991e-07,3.38234999e-08,4.92542155e-08,3.69741788e-08,3.82761721e-07,2.33591076e-08,4.51136948e-06,4.66234089e-06,0.0342471554,0.107601171,1.03209453e-07,2.06579555e-06,3.49345095e-08,1.3312237e-09,6.09446312e-08,6.60064014e-08,3.22967303e-05,2.16490425e-09,1.73023115e-08,9.84490163e-11,1.70220202e-10,1.20276186e-06,2.01829454e-06,5.32479593e-07,6.84311405e-08,5.87391411e-08,2.64409258e-07,1.29371659e-06,2.94401807e-09,0.00030634521,1.62922842e-08,9.50037535e-08,5.66406316e-08,2.93437506e-08,1.58850167e-05,3.94808061e-11,6.25204566e-11,4.35707258e-07,8.91094367e-08,3.24019011e-06,1.10389165e-07,0.725990211,3.44022176e-22,3.86067109e-16,8.65071829e-16,5.74893149e-11,6.88975923e-11
0.01809375,-0.0988882257,2.82356941,-4.9097657,2113.10522,0.153550189,0.00138244325,6.0102185e-05,7.65156746e-05,0.000943092285,0.00128683274,0.128391701,2.78712249e-07,3.80224008e-08,3.44698228e-08,2.63805937e-08,2.59897043e-07,1.60603998e-08,2.84515993e-06,2.78330088e-06,0.0330787246,0.108110273,7.80074678e-08,1.39479883e-06,2.38987415e-08,9.23770708e-10,3.93447492e-08,4.39441099e-08,1.96795348e-05,1.24042673e-09,7.69781546e-09,3.88707366e-11,6.38693385e-11,8.43394932e-07,1.34048797e-06,3.43661579e-07,5.79003481e-08,5.10754685e-08,2.17574877e-07,9.88472707e-07,3.06792289e-09,0.000309342818,1.7998902e-08,8.9943487e-08,5.14535844e-08,2.60867954e-08,1.31630679e-05,2.95278907e-11,4.41178706e-11,3.16509495e-07,7.7706732e-08,2.71639686e-06,1.02286539e-07,0.726313013,3.40756064e-22,9.66282433e-17,2.01943634e-16,3.85126177e-11,3.33589726e-11
0.0181875,-0.0995419167,2.8077463,-4.9097657,2118.72017,0.153355688,0.00126961374,6.39529637e-05,0.000103865017,0.00130391727,0.00150852179,0.128627323,3.77245645e-07,4.69915838e-08,1.499945e-08,1.22767725e-08,1.11244437e-07,7.04700683e-09,1.06916989e-06,9.64137247e-07,0.0307604398,0.10907653,4.40910466e-08,5.91664789e-07,1.04065645e-08,4.13790779e-10,1.54288072e-08,1.83075216e-08,6.96682881e-06,4.09894433e-10,1.63991066e-09,5.60769845e-12,8.71574154e-12,3.83617938e-07,5.5268776e-07,1.36151991e-07,4.04890187e-08,3.71314542e-08,1.41763638e-07,5.61853351e-07,3.28150353e-09,0.000313767602,2.17560762e-08,8.3017473e-08,4.20182446e-08,1.96230106e-08,8.71857095e-06,1.73869799e-11,2.01117219e-11,1.56225933e-07,5.70568848e-08,1.87134571e-06,8.43972622e-08,0.726948905,3.34316877e-22,6.21197605e-18,1.20779163e-17,1.61892141e-11,7.70292693e-12
0.01828125,-0.100168155,2.79181299,-4.9097657,2123.76508,0.153200224,0.00116240048,6.67394538e-05,0.000135963481,0.00177167692,0.00173615983,0.128775698,4.94757097e-07,5.6484902e-08,5.47502517e-09,4.87765544e-09,4.13803588e-08,2.68138553e-09,3.54933886e-07,3.00047773e-07,0.0284989526,0.109951159,2.56633872e-08,2.20247483e-07,3.93589733e-09,1.61139818e-10,5.34603751e-09,6.61449886e-09,2.17905768e-06,1.22287123e-10,3.21873835e-10,6.35777912e-13,9.2901085e-13,1.51552864e-07,2.01753741e-07,4.78159452e-08,2.79789865e-08,2.58262289e-08,8.82044438e-08,3.07910928e-07,3.44109463e-09,0.000316396442,2.59743986e-08,8.09080155e-08,3.42499958e-08,1.38437003e-08,5.50953967e-06,1.04502239e-11,7.84961513e-12,7.03336453e-08,4.00324443e-08,1.25765801e-06,6.60213548e-08,0.727573199,3.27995703e-22,2.84066072e-19,5.10456666e-19,5.9639757e-12,1.54150085e-12
0.018375,-0.100766306,2.77576912,-4.9097657,2128.22278,0.153084089,0.00106149909,6.84068178e-05,0.000172168531,0.00236188678,0.00196380331,0.12883101,6.29663644e-07,6.62294968e-08,1.68384197e-09,1.66160839e-09,1.34211638e-08,8.87550065e-10,1.04455747e-07,8.42614998e-08,0.0263152747,0.110715333,1.68602068e-08,7.20774534e-08,1.29774966e-09,5.47537445e-11,1.64071298e-09,2.08206184e-09,6.04353464e-07,3.28332887e-11,6.13056036e-11,5.82793767e-14,7.93409762e-14,5.21323187e-08,6.53637276e-08,1.49187955e-08,1.94609033e-08,1.73426945e-08,5.28734032e-08,1.64229305e-07,3.5428775e-09,0.000317603264,3.06537118e-08,8.34276672e-08,2.82127337e-08,9.18722332e-09,3.32796687e-06,6.18007085e-12,2.63388976e-12,2.91913249e-08,2.68723663e-08,8.25188572e-07,4.89789935e-08,0.728186614,3.21789587e-22,1.00529307e-20,1.64494411e-20,1.93034844e-12,2.85717413e-13
0.01846875,-0.101334136,2.75961416,-4.9097657,2132.04525,0.153010046,0.000967210474,6.89757253e-05,0.000211525804,0.0030880482,0.00218582097,0.128791127,7.79407197e-07,7.59776285e-08,4.41031748e-10,4.89695633e-10,3.82440188e-09,2.57456118e-10,2.74321595e-08,2.14758138e-08,0.0242221377,0.111353868,1.28273393e-08,2.09067247e-08,3.75850681e-10,1.63551288e-11,4.48784925e-10,5.75249705e-10,1.49562625e-07,7.91024332e-12,1.15724187e-11,4.55663782e-15,5.53122966e-15,1.57320263e-08,1.89108491e-08,4.15987714e-09,1.38510301e-08,1.13543688e-08,3.07630692e-08,8.59364258e-08,3.58695664e-09,0.000317746638,3.57924981e-08,9.00103207e-08,2.37027132e-08,5.75417622e-09,1.92592016e-06,3.5215719e-12,7.66658618e-13,1.13313003e-08,1.72885064e-08,5.27809927e-07,3.44850967e-08,0.728789589,3.15695569e-22,3.01356187e-22,4.30712653e-22,5.52210833e-13,5.22909327e-14
0.0185625,-0.101868506,2.7433473,-4.9097657,2135.16784,0.152982237,0.000879561188,6.85228446e-05,0.000252845839,0.00396091522,0.00239709941,0.12865654,9.40768856e-07,8.55192645e-08,9.96813869e-11,1.26231208e-10,9.66762136e-10,6.60742648e-11,6.48397632e-09,5.00318702e-09,0.0222271575,0.111855058,1.07289829e-08,5.45979394e-09,9.65330149e-11,4.33600953e-12,1.1034179e-10,1.40826724e-10,3.33010389e-08,1.71259639e-12,2.14322866e-12,3.44346195e-16,3.22110619e-16,4.20504127e-09,4.92724439e-09,1.0450238e-09,1.0254412e-08,7.33360555e-09,1.74626615e-08,4.43759566e-08,3.57646484e-09,0.000317120119,4.13863572e-08,9.99853609e-08,2.04096943e-08,3.41334555e-09,1.0705604e-06,1.91889272e-12,1.95730045e-13,4.18353571e-09,1.06824704e-08,3.28382327e-07,2.3077626e-08,0.729382396,3.09710576e-22,8.46278087e-24,9.84909137e-24,1.40827806e-13,9.74642346e-15
0.01865625,-0.102365865,2.72696736,-4.9097657,2137.5193,0.153005433,0.000798396938,6.71628365e-05,0.00029481439,0.00498816598,0.00259322679,0.128429461,1.11020282e-06,9.46875564e-08,1.97306304e-11,2.88108588e-11,2.19214607e-10,1.51685136e-11,1.39300093e-09,1.07420289e-09,0.0203347846,0.112210591,9.30058169e-09,1.33137303e-09,2.22284118e-11,1.03151503e-12,2.46300212e-11,3.08773359e-11,6.73558492e-09,3.35237706e-13,3.81751142e-13,3.10347939e-17,1.62568912e-17,1.00639903e-09,1.16745819e-09,2.38784776e-10,8.00776626e-09,4.74712373e-09,9.7054791e-09,2.26988273e-08,3.51670378e-09,0.000315938505,4.74276736e-08,1.12729039e-07,1.80212668e-08,1.92466471e-09,5.73085309e-07,9.99033933e-13,4.43716486e-14,1.49518137e-09,6.35313908e-09,1.98362543e-07,1.47104937e-08,0.729965207,3.03831554e-22,2.38051095e-25,2.12319101e-25,3.23535587e-14,1.83280508e-15
0.01875,-0.102822544,2.71047282,-4.9097657,2139.02766,0.153084616,0.000723450025,6.50326417e-05,0.000336110089,0.00617447466,0.00277062468,0.128113111,1.28413839e-06,1.03359041e-07,3.47766738e-12,5.89795955e-12,4.51218056e-11,3.15163541e-12,2.74876134e-10,2.14413708e-10,0.0185473113,0.112415363,8.09852357e-09,3.36287846e-10,4.64257349e-12,2.22767071e-13,5.04499691e-12,6.13200277e-12,1.2502913e-09,5.98638795e-14,6.45271177e-14,3.69766718e-18,7.70780741e-19,2.18112647e-10,2.54116516e-10,5.013523e-11,6.63005142e-09,3.14177855e-09,5.29601428e-09,1.15261622e-08,3.414361e-09,0.000314344798,5.39061275e-08,1.27721414e-07,1.62685948e-08,1.03439709e-09,2.95909798e-07,4.97502407e-13,9.04868592e-15,5.25532813e-10,3.64127484e-09,1.16126979e-07,8.94794608e-09,0.730538125,2.98055356e-22,6.70839003e-27,4.58947e-27,6.77125413e-15,3.39004952e-16
0.01884375,-0.103234935,2.69386179,-4.9097657,2139.62374,0.153224743,0.000654387782,6.22784215e-05,0.000375503638,0.00752184638,0.00292659425,0.127711203,1.4592118e-06,1.11449726e-07,5.54725433e-13,1.09123973e-12,8.48779243e-12,5.9642798e-13,5.00577208e-11,3.98966518e-11,0.0168654295,0.112467073,7.00441587e-09,1.11324256e-10,8.85060562e-13,4.39359967e-14,9.53075934e-13,1.10927416e-12,2.14004728e-10,9.79804329e-15,1.02551648e-14,5.10172639e-19,4.12159728e-20,4.3029834e-11,5.09969656e-11,9.71578686e-12,5.77941267e-09,2.16925465e-09,2.84045991e-09,5.80630809e-09,3.27683132e-09,0.000312425762,6.08092307e-08,1.44552049e-07,1.49400163e-08,5.28606885e-10,1.46864863e-07,2.3627838e-13,1.67278226e-15,1.82391511e-10,2.00376871e-09,6.55774221e-08,5.18153553e-09,0.73110122,2.92378883e-22,1.81439681e-28,1.02035349e-28,1.29725581e-15,6.01381969e-17
0.0189375,-0.103599625,2.67713204,-4.9097657,2139.2436,0.153430589,0.000590842104,5.90468728e-05,0.00041190725,0.00903004025,0.00305923954,0.127227692,1.63240054e-06,1.18907636e-07,6.68650145e-14,1.47416639e-13,1.1776861e-12,8.28269787e-14,6.76551607e-12,5.56394513e-12,0.0152886188,0.112365698,6.00043198e-09,5.66108102e-11,1.24453313e-13,6.38161362e-15,1.33730934e-13,1.45292567e-13,2.68230081e-11,1.1668696e-15,1.20004182e-15,5.5621304e-20,2.36055264e-21,6.18991438e-12,7.62742942e-12,1.38709291e-12,5.2228755e-09,1.58116544e-09,1.48399547e-09,2.85776768e-09,3.11174427e-09,0.000310229018,6.81202948e-08,1.62904052e-07,1.38796694e-08,2.50229092e-10,6.81751577e-08,1.04225746e-13,2.26464026e-16,5.75235751e-11,1.03259217e-09,3.51403927e-08,2.80150829e-09,0.731654562,2.86798991e-22,2.94643069e-30,1.45757047e-30,1.83968237e-16,8.07419649e-18
0.019125,-0.104177156,2.64330454,-4.9097657,2135.40546,0.15405219,0.000478941474,5.16280965e-05,0.000472111112,0.0125188576,0.00324940005,0.126032101,1.96213222e-06,1.31782839e-07,3.32081884e-15,7.19401023e-15,6.21292329e-14,4.30542598e-15,3.39085348e-13,2.95868787e-13,0.0124435637,0.111714452,4.27429075e-09,3.26972964e-11,6.90890595e-15,3.64679792e-16,7.22345254e-15,7.04060411e-15,1.22888514e-12,4.78097387e-17,5.09108777e-17,2.13960148e-21,7.05565431e-23,3.43950498e-13,4.43760454e-13,8.014144e-14,4.52727543e-09,1.05448388e-09,4.97452725e-10,8.72956874e-10,2.7245397e-09,0.000305080341,8.3931445e-08,2.03414494e-07,1.22552262e-08,6.16629718e-11,1.66073032e-08,2.25127314e-14,1.12011041e-17,9.57572462e-12,3.06292638e-10,1.08707712e-08,8.81122077e-10,0.732731429,2.75919643e-22,1.02823391e-32,-8.28754979e-34,9.53202538e-18,4.03506219e-19
0.0193125,-0.104532102,2.60897434,-4.9097657,2127.10426,0.154984793,0.000385005304,4.37348648e-05,0.000512385067,0.0166118202,0.0033401179,0.124552858,2.25803891e-06,1.42011791e-07,3.07278931e-16,3.5327965e-16,3.33171238e-15,2.1778295e-16,1.64144322e-14,1.50653626e-14,0.00999273726,0.11048879,2.93761144e-09,2.07015207e-11,5.6200003e-16,2.27437212e-17,3.89491704e-16,3.05388754e-16,5.23137604e-14,1.7878915e-18,2.01140072e-18,7.61392755e-23,2.31210956e-24,1.73675382e-14,2.44323089e-14,4.39423752e-15,3.91177374e-09,8.05093287e-10,2.06826239e-10,3.32374512e-10,2.30511797e-09,0.00029896082,1.01239969e-07,2.47850448e-07,1.08791264e-08,1.41291445e-11,3.88128731e-09,4.58104753e-15,5.63999373e-19,1.76985646e-12,8.69231337e-11,3.2584329e-09,2.61394462e-10,0.733770812,2.653872e-22,-2.055374e-34,-1.89158821e-33,4.60785172e-19,1.88990664e-20
0.0195,-0.104651529,2.57411549,-4.9097657,2114.14525,0.156253016,0.000306687631,3.60227451e-05,0.000531080642,0.0212658513,0.00333626106,0.122814595,2.50969103e-06,1.49722055e-07,4.7318829e-17,2.4190924e-17,2.34660726e-16,1.3388016e-17,8.85852131e-16,7.84190667e-16,0.00791256298,0.108727304,1.95371339e-09,1.2935186e-11,1.4590952e-16,3.07364363e-18,2.75720125e-17,1.24108484e-17,2.15972596e-15,6.40305328e-20,7.72519832e-20,2.61654599e-24,7.60924278e-26,8.24530638e-16,1.31101256e-15,2.36712766e-16,3.26206807e-09,6.42442892e-10,1.1223298e-10,1.68942285e-10,1.89095763e-09,0.000291902972,1.20003416e-07,2.95463438e-07,9.62884779e-09,3.1018067e-12,8.94298118e-10,9.06505499e-16,4.01015553e-20,3.68672684e-13,2.42087562e-11,9.74020339e-10,7.60187317e-11,0.734774637,2.55179417e-22,-3.71697006e-36,2.30365739e-35,2.15261615e-20,8.58570838e-22
0.0196875,-0.104530117,2.53870042,-4.9097657,2096.49221,0.157874897,0.000241920179,2.89215547e-05,0.000528966295,0.0264253245,0.00324782619,0.12084109,2.71092875e-06,1.55119677e-07,8.41148208e-18,3.13500081e-18,2.79661652e-17,1.37150105e-18,7.20871529e-17,4.7913056e-17,0.00617506956,0.106477956,1.25977784e-09,7.88952445e-12,6.68808502e-17,1.09590474e-18,4.44963409e-18,4.9203238e-19,8.98257869e-17,2.28734972e-21,2.98929795e-21,9.01001398e-26,2.48149632e-27,3.85762191e-17,7.08359369e-17,1.30349859e-17,2.59467993e-09,5.12618257e-10,7.27061077e-11,1.06030388e-10,1.50761485e-09,0.000283994335,1.40264246e-07,3.4575489e-07,8.47649816e-09,6.70524987e-13,2.08352895e-10,1.7946922e-16,5.52657421e-21,8.72990425e-14,6.79275827e-12,3.0225409e-10,2.27641053e-11,0.735745563,2.45275698e-22,-3.30329427e-37,1.85266761e-35,1.00787911e-21,3.89380391e-23
0.019875,-0.104169649,2.50270139,-4.9097657,2074.25423,0.15986276,0.000188867854,2.26738437e-05,0.000508607741,0.0320248444,0.00308832801,0.11865586,2.85921593e-06,1.58469251e-07,1.62097474e-18,6.65362422e-19,5.14759624e-18,2.36461359e-19,1.12493385e-17,4.59307906e-18,0.0047486189,0.103796625,7.88557269e-10,4.68787935e-12,3.23339482e-17,5.07615382e-19,1.49653181e-18,1.97399695e-20,3.89795373e-18,8.45373902e-23,1.20212177e-22,3.20001242e-27,6.80420135e-29,1.93332453e-18,4.01842675e-18,7.62777994e-19,1.95975075e-09,4.0260589e-10,5.06143028e-11,7.34844498e-11,1.17015089e-09,0.00027537788,1.62192748e-07,3.98429169e-07,7.42136282e-09,1.46486016e-13,5.02572075e-11,3.64780365e-17,1.28439836e-21,2.35998369e-14,1.9704317e-12,1.02653812e-10,7.47270123e-12,0.736686605,2.35657212e-22,3.87143559e-38,-1.62917089e-36,4.94211108e-23,1.81255403e-24
0.0200625,-0.103578025,2.46609159,-4.9097657,2047.66338,0.162224327,0.000145878588,1.73800456e-05,0.000473731942,0.0379921272,0.00287340436,0.116282448,2.95529832e-06,1.60089174e-07,3.49579777e-19,1.79025736e-19,1.18540733e-18,5.37541756e-20,2.75348925e-18,8.32024247e-19,0.0035986133,0.100745636,4.79605239e-10,2.71122048e-12,1.52290453e-17,2.38058514e-19,6.31016067e-19,8.29576004e-22,1.82471451e-19,3.34463386e-24,5.16579491e-24,1.1745774e-28,-3.10148839e-30,1.26559159e-19,2.5836646e-19,4.92439321e-20,1.40304361e-09,3.09752557e-10,3.58226382e-11,5.27671505e-11,8.85265453e-10,0.000266229049,1.86120101e-07,4.53351228e-07,6.46663023e-09,3.32026381e-14,1.28363482e-11,7.79671421e-18,3.8674338e-22,7.29132412e-15,6.06372237e-13,4.03596311e-11,2.86477662e-12,0.737600787,2.26306952e-22,-1.0712782e-39,-1.94705044e-36,2.74027647e-24,8.96787427e-26
0.02025,-0.102768057,2.42884623,-4.9097657,2017.04775,0.164963833,0.000111452715,1.30393566e-05,0.00042862318,0.0442514337,0.00261950546,0.11374438,3.00286105e-06,1.60343419e-07,8.41693546e-20,5.27039926e-20,3.07906863e-19,1.38877712e-20,8.14510231e-19,2.25470676e-19,0.00268864478,0.0973913989,2.83681756e-10,1.52562938e-12,6.92126448e-18,1.08968419e-19,2.77209947e-19,3.77835093e-23,9.52490207e-21,1.4646936e-25,2.43396741e-25,3.54493503e-30,-2.25571274e-30,1.43668038e-20,2.21303099e-20,3.63635669e-21,9.51657605e-10,2.33179999e-10,2.5225331e-11,3.82436443e-11,6.53471438e-10,0.000256728292,2.12565059e-07,5.10437077e-07,5.61280587e-09,8.02618642e-15,3.54656293e-12,1.79222523e-18,1.29428962e-22,2.57041489e-15,2.02997918e-13,1.89135674e-11,1.31551682e-12,0.7384909,2.17209755e-22,-1.24224061e-39,-1.39145443e-37,2.01694865e-25,5.03197018e-27
0.0204375,-0.101756174,2.39094338,-4.9097657,1982.8033,0.168083074,8.42287159e-05,9.58419982e-06,0.000377586047,0.0507272485,0.0023426764,0.111064918,3.00796614e-06,1.59623823e-07,2.14645237e-20,1.56451312e-20,8.64371391e-20,3.83565263e-21,2.5986071e-19,7.15502644e-20,0.00198200237,0.0938013592,1.63350344e-10,8.35351602e-13,3.030503e-18,4.84231381e-20,1.21468955e-19,1.93202549e-24,5.73957852e-22,7.35099589e-27,1.28768277e-26,-3.0323911e-31,-9.98501279e-31,2.73706754e-21,3.06167357e-21,3.17830938e-22,6.1174563e-10,1.71710778e-10,1.75334335e-11,2.7691874e-11,4.71093478e-10,0.000247038895,2.42259602e-07,5.69432073e-07,4.85665404e-09,2.12439869e-15,1.08025012e-12,4.51958032e-19,4.42933713e-23,1.0298817e-15,7.54736243e-14,1.03539512e-11,7.00173465e-13,0.739359372,2.08352288e-22,-7.60921639e-40,-1.16882832e-37,2.39695106e-26,3.66650944e-28
0.020625,-0.100561162,2.35236459,-4.9097657,1945.36656,0.171582365,6.29788813e-05,6.90813485e-06,0.000324515468,0.0573477278,0.00205751644,0.108266732,2.97823358e-06,1.58325707e-07,5.45860628e-21,4.4892753e-21,2.57207414e-20,1.1021463e-21,8.57166876e-20,2.41857487e-20,0.00144325898,0.0900408027,9.16850084e-11,4.45318936e-13,1.27828359e-18,2.08859665e-20,5.24573702e-20,1.1529297e-25,4.1412529e-23,4.39699805e-28,7.64108385e-28,-1.91896167e-31,-4.67851951e-31,6.70533964e-22,6.60479274e-22,3.39725861e-23,3.73035413e-10,1.23629852e-10,1.19877055e-11,1.99380705e-11,3.31986647e-10,0.000237294055,2.76183967e-07,6.2958992e-07,4.19184861e-09,6.2630011e-16,3.67607934e-13,1.26819761e-19,1.48640072e-23,4.66177748e-16,3.148028e-14,6.30044923e-12,4.07383238e-13,0.740208218,1.99723011e-22,-8.06580981e-40,-1.21022402e-37,4.47343685e-27,4.1012903e-29
0.0208125,-0.0992029993,2.31309538,-4.9097657,1905.18999,0.17546143,4.66095033e-05,4.88752512e-06,0.000272604061,0.0640475066,0.00177640182,0.105371545,2.92186341e-06,1.56823015e-07,1.33157545e-21,1.22168261e-21,8.06930952e-21,3.26612554e-22,2.88365526e-20,8.4701334e-21,0.00103966035,0.0861700796,5.02368937e-11,2.31356766e-13,5.19707049e-19,8.75477335e-21,2.22579162e-20,8.37679993e-27,3.69903701e-24,3.27443687e-29,3.9529867e-29,-8.13124757e-32,-2.33656412e-31,1.83387453e-22,1.82104512e-22,4.57891244e-24,2.1609104e-10,8.6921735e-11,8.04242551e-12,1.42281878e-11,2.28918523e-10,0.00022759308,3.15625726e-07,6.89361925e-07,3.6100542e-09,2.05433686e-16,1.403348e-13,3.97920109e-20,4.80111156e-24,2.36498274e-16,1.46708522e-14,4.07129549e-12,2.4716818e-13,0.741039025,1.91312092e-22,-5.23817937e-40,-8.54225754e-38,1.07496439e-27,6.97683527e-30
0.021,-0.0977018376,2.27312556,-4.9097657,1862.72093,0.179720238,3.41614532e-05,3.39739551e-06,0.000224198175,0.0707695922,0.00150903014,0.102399786,2.8466386e-06,1.55448505e-07,3.04796088e-22,3.13063494e-22,2.67609417e-21,1.00105979e-22,9.90490152e-21,3.06172323e-21,0.000742125417,0.0822426132,2.69152245e-11,1.17284622e-13,2.0382895e-19,3.5726006e-21,9.2832354e-21,7.63088084e-28,4.24486976e-25,3.11067098e-30,3.86307252e-31,-3.45895532e-32,-1.21213232e-31,5.35946718e-23,5.67235072e-23,7.92482499e-25,1.19126962e-10,5.95506039e-11,5.28140089e-12,1.0033575e-11,1.54592188e-10,0.000218004159,3.62283963e-07,7.4628581e-07,3.10194008e-09,7.34955858e-17,5.969657e-14,1.38789881e-20,1.48204598e-24,1.33082368e-16,7.5221555e-15,2.71354762e-12,1.52110025e-13,0.741852978,1.83111302e-22,-6.52726427e-41,-4.90421752e-39,2.93336629e-28,1.52830603e-30
0.0211875,-0.0960771846,2.23244932,-4.9097657,1818.38513,0.184359756,2.4807437e-05,2.32204527e-06,0.000180795497,0.0774662022,0.0012623198,0.0993703145,2.75901113e-06,1.54484284e-07,6.53775028e-23,7.54267417e-23,9.40238973e-22,3.19459663e-23,3.50375792e-21,1.14764201e-21,0.000525777671,0.0783038457,1.41189907e-11,5.80773531e-14,7.71582073e-20,1.42145244e-21,3.81330655e-21,8.5400137e-29,5.68218279e-26,3.67384047e-31,-1.46567714e-30,-1.54039474e-32,-6.73204198e-32,1.64450418e-23,1.9022629e-23,1.77270819e-25,6.2628008e-11,3.9642216e-11,3.38543394e-12,6.96978807e-12,1.02321814e-10,0.000208570456,4.18464668e-07,7.97229164e-07,2.65789535e-09,2.77995095e-17,2.77760778e-14,5.2856984e-21,4.36282951e-25,8.19370729e-17,4.15092089e-15,1.83624677e-12,9.36121357e-14,0.742650913,1.75113885e-22,-8.18286596e-42,-1.49700351e-39,8.65956384e-29,3.7513506e-31
0.021375,-0.0943472932,2.19106519,-4.9097657,1772.57483,0.18938264,1.78417565e-05,1.56074121e-06,0.000143177705,0.0840984014,0.0010407617,0.0963002416,2.66316378e-06,1.54186238e-07,1.28475869e-23,1.70725896e-23,3.47100263e-22,1.05939155e-23,1.27440199e-21,4.36207552e-22,0.0003700307,0.0743910733,7.25085745e-12,2.80193395e-14,2.8084134e-20,5.49831761e-22,1.53265841e-21,-6.83968977e-31,-7.67403941e-27,-8.41279504e-33,-1.0958164e-30,-7.17714152e-33,-3.90884097e-32,5.18732018e-24,6.50438618e-24,-2.24489114e-27,3.14531937e-11,2.55458787e-11,2.10878859e-12,4.74671949e-12,6.63854808e-11,0.000199316788,4.87547758e-07,8.38967204e-07,2.26809783e-09,1.06637318e-17,1.35352769e-14,2.1047168e-21,1.22224569e-25,5.41980342e-17,2.39280563e-15,1.25040498e-12,5.71546473e-14,0.743433448,1.6731443e-22,-3.25166444e-42,-8.54505161e-40,2.61766555e-29,8.92551802e-32
0.02175,-0.0906198117,2.10618853,-4.9097657,1677.56609,0.200638399,9.29228113e-06,6.97382539e-07,8.70948234e-05,0.0970725375,0.000684548562,0.0900832437,2.51415089e-06,1.58609708e-07,4.44737418e-25,8.37931859e-25,6.24883131e-23,1.53897972e-24,2.33919974e-22,9.38783928e-23,0.000189216543,0.0667308898,1.95505153e-12,6.61578478e-15,3.75167264e-21,8.64221815e-23,2.79715609e-22,-3.49673681e-29,-6.82651784e-26,-1.93685812e-31,-3.87385277e-31,-2.25783855e-33,-1.85356908e-32,6.53102663e-25,1.09526746e-24,-6.05822609e-25,7.15981335e-12,9.93943782e-12,7.81353979e-13,2.14654471e-12,2.73527864e-11,0.000181379992,6.80516734e-07,8.87430811e-07,1.67105331e-09,1.95171805e-18,4.90945277e-15,5.28597396e-22,9.3813055e-27,3.16346583e-17,1.08873206e-15,6.27804437e-13,2.22819843e-14,0.744956857,1.52291255e-22,-1.68794842e-43,-3.58188896e-41,3.60773953e-30,6.80812567e-33
0.022125,-0.0866450287,2.01862835,-4.9097657,1580.30281,0.213537084,4.83246409e-06,3.01178201e-07,5.06359175e-05,0.109538937,0.000430320017,0.0838570408,2.38650363e-06,1.70379574e-07,1.37564812e-26,3.98379096e-26,1.28101329e-23,2.56332472e-25,5.35182812e-23,2.48638948e-23,9.99451527e-05,0.0594265716,5.22914381e-13,1.52796336e-15,4.7317257e-22,1.36239822e-23,5.72127183e-23,-5.83300255e-29,-2.41880042e-25,-4.166524e-31,-4.90996724e-31,-9.53567872e-34,-1.13137367e-32,8.633157e-26,1.14781037e-25,-3.33325303e-24,1.43574376e-12,3.43797459e-12,2.68851221e-13,9.30876014e-13,1.07389962e-11,0.000164204235,1.00605094e-06,8.81618865e-07,1.21773588e-09,3.90502056e-19,2.29097813e-15,1.75795497e-22,6.76126555e-28,2.21325944e-17,6.1940971e-16,3.41480181e-13,9.07852482e-15,0.746422766,1.38004017e-22,-7.97782139e-45,-4.08342283e-42,2.17561755e-31,-1.71133071e-33
0.0225,-0.0825002034,1.92849891,-4.9097657,1482.35835,0.228225143,2.57576721e-06,1.27088093e-07,2.84348199e-05,0.121429167,0.000259604712,0.0776874009,2.27831517e-06,1.93684671e-07,5.02909822e-27,2.21541696e-27,2.75402928e-24,4.45428191e-26,1.3963923e-23,7.78566974e-24,5.6347931e-05,0.052552093,1.43579582e-13,3.63231892e-16,5.94431132e-23,2.29923308e-24,1.4754888e-23,-5.42962132e-29,-5.31455008e-25,-5.19636655e-31,-7.55344831e-31,-5.28727454e-34,-8.7266096e-33,9.04357322e-27,-1.89564238e-25,-1.08387109e-23,2.63133375e-13,1.07686047e-12,9.14606266e-14,4.1041558e-13,4.05529627e-12,0.000147723772,1.59222875e-06,8.31682307e-07,8.75375682e-10,8.81803843e-20,1.34525855e-15,7.69090831e-23,4.99795042e-29,1.72722993e-17,4.26939831e-16,2.07405929e-13,4.0639089e-15,0.747831628,1.24441505e-22,-6.86338121e-46,-2.63548288e-43,-7.60614491e-31,-3.067105e-33
0.022875,-0.078242632,1.83595545,-4.9097657,1384.86169,0.2449085,1.46288884e-06,5.30570432e-08,1.56058366e-05,0.132714037,0.000151036094,0.0716202442,2.17852292e-06,2.36758876e-07,2.21868372e-26,1.54899927e-28,5.89201114e-25,7.56871661e-27,3.8255954e-24,2.8694675e-24,3.48180237e-05,0.0461403892,4.17514527e-14,9.59926252e-17,8.05726004e-24,4.56147932e-25,4.94747976e-24,-3.24097549e-29,-8.31267277e-25,-4.33757282e-31,-1.56576293e-30,-7.17764947e-34,-1.6332163e-32,-1.05544331e-27,-3.80588595e-25,-2.45495735e-23,4.58471441e-14,3.18995046e-13,3.42663674e-14,2.0055001e-13,1.48832218e-12,0.000131819186,2.64480546e-06,7.55534942e-07,6.22524644e-10,2.23454364e-20,9.45107149e-16,4.29084609e-23,4.04407571e-30,1.42735007e-17,3.3357203e-16,1.40719501e-13,2.02810499e-15,0.749184718,1.1159994e-22,-5.88786008e-47,-1.94922084e-44,-1.43938402e-30,-5.6145163e-33
0.0230625,-0.0760873274,1.7888316,-4.9097657,1336.58009,0.254073995,1.12490189e-06,3.34055042e-08,1.13348079e-05,0.138124436,0.000113023365,0.0686366339,2.09582818e-06,2.67845886e-07,1.34647995e-26,4.12210383e-29,2.61906139e-25,2.96709104e-27,1.93998743e-24,1.86704635e-24,2.80716168e-05,0.0431141792,2.22891482e-14,4.97766742e-17,2.89444249e-24,2.0500601e-25,2.9317285e-24,-2.18151245e-29,-9.48451863e-25,-3.46775892e-31,-3.37654868e-30,-1.91001371e-33,-5.18025126e-32,-1.58591761e-27,-4.5253436e-25,-3.34291454e-23,1.85241994e-14,1.67940929e-13,2.14921166e-14,1.44050488e-13,8.72068708e-13,0.000124044445,3.41486652e-06,7.13365539e-07,5.14466659e-10,1.13466455e-20,8.21643955e-16,3.33951998e-23,1.13520017e-30,1.30915738e-17,3.01311596e-16,1.18909121e-13,1.45841598e-15,0.749840626,1.05451104e-22,-1.51276862e-45,-6.41045332e-45,-1.72231095e-30,-1.13764019e-32
0.02325,-0.0739201624,1.74116104,-4.9097657,1288.71473,0.263840935,8.89384826e-07,2.0926983e-08,8.1910439e-06,0.143375803,8.38815415e-05,0.0656908072,2.00037021e-06,3.10083181e-07,-3.070638e-26,1.11383384e-29,1.1447457e-25,1.13957889e-27,9.99661965e-25,1.46976291e-24,2.31784811e-05,0.0402104048,1.20419402e-14,2.72883831e-17,1.08497029e-24,9.87046774e-26,1.82065666e-24,-1.3819818e-29,-1.04682481e-24,-2.64683954e-31,-7.41470563e-30,-5.33947217e-33,-1.73901702e-31,-1.44825162e-27,-5.10564442e-25,-4.33591011e-23,7.44101393e-15,8.90475641e-14,1.41973928e-14,1.07799304e-13,5.05620172e-13,0.000116392939,4.34718305e-06,6.69949012e-07,4.2255922e-10,5.81915497e-21,7.30143563e-16,2.70248668e-23,3.25546297e-31,1.2057402e-17,2.75059079e-16,1.02334342e-13,1.0657487e-15,0.750483103,9.94879803e-23,-5.82154933e-45,-9.61375682e-45,-2.00743876e-30,-2.48072677e-32
0.0234375,-0.0717458407,1.69297364,-4.9097657,1241.34817,0.27425083,7.24835263e-07,1.30235249e-08,5.89517173e-06,0.148467573,6.18069006e-05,0.0627857605,1.88746367e-06,3.67897553e-07,-5.80319628e-26,2.84155404e-30,4.8961537e-26,4.28625456e-28,5.37685401e-25,1.52829174e-24,1.95568833e-05,0.0374288127,6.56181814e-15,1.57395696e-17,4.21050811e-25,5.06419168e-26,1.19232842e-24,-8.38539595e-30,-1.13717931e-24,-1.96511849e-31,-1.54366277e-29,-1.37384951e-32,-5.48050471e-31,-1.14547194e-27,-5.56055058e-25,-5.40071559e-23,2.96373767e-15,4.79224265e-14,9.86783278e-15,8.39628794e-14,2.89500043e-13,0.000108882514,5.41153e-06,6.26390103e-07,3.4442508e-10,2.9927147e-21,6.58767875e-16,2.25839811e-23,8.25641151e-32,1.11290531e-17,2.52633648e-16,8.93380392e-14,7.8673272e-16,0.751112681,9.3711187e-23,-1.5321004e-44,-1.73290089e-44,-2.31653727e-30,-5.22905846e-32
0.023625,-0.069568831,1.64430111,-4.9097657,1194.55645,0.285348872,6.09227157e-07,8.0409324e-09,4.22991048e-06,0.153399259,4.52842037e-05,0.0599241732,1.75244903e-06,4.44728624e-07,1.88883136e-26,8.24180781e-31,2.04261904e-26,1.59800233e-28,3.25244869e-25,2.00804408e-24,1.68128651e-05,0.034768797,3.59387205e-15,9.49838592e-18,1.67754524e-25,2.75724494e-26,8.61656778e-25,-4.95559003e-30,-1.23549723e-24,-1.44295574e-31,-2.94805467e-29,-3.09256242e-32,-1.55183742e-30,-8.53924979e-28,-5.92403214e-25,-6.50597148e-23,1.17100116e-15,2.63829624e-14,7.19122169e-15,6.77793129e-14,1.63394613e-13,0.000101547883,6.54907083e-06,5.83463754e-07,2.77892522e-10,1.53516871e-21,6.00317699e-16,1.93916612e-23,5.00756128e-32,1.02800024e-17,2.32755655e-16,7.88423562e-14,5.83835413e-16,0.751729949,8.81214492e-23,-2.44557972e-44,-3.83046206e-44,-2.67833317e-30,-9.9915729e-32
0.0238125,-0.0673934678,1.59517707,-4.9097657,1148.41103,0.297183828,5.27235033e-07,4.91811361e-09,3.02951181e-06,0.158170373,3.30595275e-05,0.0571085029,1.59310366e-06,5.37552033e-07,3.48303887e-26,-1.81053794e-30,8.29836588e-27,6.13348093e-29,2.42633012e-25,2.92633884e-24,1.46795208e-05,0.0322294994,1.97130208e-15,5.93242485e-18,6.77002884e-26,1.58270891e-26,7.4417086e-25,-2.89083999e-30,-1.35875857e-24,-1.0591023e-31,-5.13444921e-29,-6.00174436e-32,-3.91367798e-30,-6.23040666e-28,-6.26075871e-25,-7.62457418e-23,4.59591308e-16,1.49057745e-14,5.46595974e-15,5.63707401e-14,9.07240121e-14,9.44355588e-05,7.68117339e-06,5.41689783e-07,2.21276471e-10,7.82598515e-22,5.50380223e-16,1.70450977e-23,-1.62574011e-34,9.49340152e-18,2.14674128e-16,7.01399634e-14,4.33718919e-16,0.752335535,8.27195607e-23,-7.44487258e-44,-9.74927584e-44,-3.12967371e-30,-1.69354477e-31
0.024,-0.0652240296,1.54563698,-4.9097657,1102.98033,0.3098079,4.68255314e-07,2.97541972e-09,2.16882312e-06,0.162780388,2.41107976e-05,0.0543410598,1.4119431e-06,6.33460435e-07,1.67661832e-26,7.85232446e-31,3.28875693e-27,2.62507837e-29,2.25504089e-25,4.31455911e-24,1.29758452e-05,0.0298098739,1.07933276e-15,3.78121045e-18,2.7243361e-26,9.53826591e-27,8.04160187e-25,-1.67719372e-30,-1.52111739e-24,-7.78985189e-32,-8.19367129e-29,-1.00797105e-31,-8.79282262e-30,-4.5521559e-28,-6.67011008e-25,-8.7346338e-23,1.79644945e-16,8.61442563e-15,4.31000607e-15,4.79930056e-14,4.94536309e-14,8.75951117e-05,8.72449781e-06,5.01401578e-07,1.73422777e-10,3.95636052e-22,5.06246432e-16,1.52988041e-23,5.72072758e-33,8.75851804e-18,1.97948802e-16,6.27608654e-14,3.21308332e-16,0.752930085,7.75063531e-23,-2.24544701e-43,-2.40260687e-43,-3.72600585e-30,-2.54979649e-31
0.0241875,-0.0630647963,1.49571814,-4.9097657,1058.3308,0.323276491,4.24997514e-07,1.77817055e-09,1.55411719e-06,0.167228719,1.76183681e-05,0.0516240626,1.21668573e-06,7.15279922e-07,-1.01463883e-26,-1.60232106e-31,1.28338243e-27,1.37661521e-29,2.38556523e-25,6.19542141e-24,1.15788979e-05,0.0275087256,5.88235376e-16,2.42682632e-18,1.07882169e-26,6.07436165e-27,1.03148145e-24,-9.68950046e-31,-1.73150992e-24,-5.71656472e-32,-1.20786476e-28,-1.48499995e-31,-1.77270835e-29,-3.38383671e-28,-7.28399e-25,-9.81943882e-23,7.02054815e-17,5.04990366e-15,3.51001771e-15,4.15819259e-14,2.64129725e-14,8.10699482e-05,9.60682332e-06,4.62802522e-07,1.33567614e-10,1.98166233e-22,4.66257752e-16,1.40015444e-23,2.78392959e-33,8.0684941e-18,1.82321982e-16,5.6387575e-14,2.36499978e-16,0.753514243,7.24826662e-23,-6.17841231e-43,-5.38800955e-43,-6.57572292e-30,-3.44856193e-31
0.024375,-0.0609200943,1.44545972,-4.9097657,1014.52767,0.337647846,3.92480081e-07,1.04867071e-09,1.11577406e-06,0.17151472,1.29364842e-05,0.0489596832,1.01824069e-06,7.7119708e-07,-9.9213974e-26,2.21139283e-31,5.05542229e-28,8.96663041e-30,2.62170702e-25,8.57175729e-24,1.04049662e-05,0.0253247332,3.18393245e-16,1.55268353e-18,4.17398363e-27,4.1886807e-27,1.42925253e-24,-5.55557361e-31,-1.99293443e-24,-4.15308296e-32,-1.65944443e-28,-1.95536315e-31,-3.23945335e-29,-2.58561949e-28,-8.25692251e-25,-1.98951152e-22,2.75619663e-17,2.97167922e-15,2.94255821e-15,3.6482387e-14,1.37994117e-14,7.48906927e-05,1.02783253e-05,4.26008775e-07,1.01080928e-10,9.83483302e-23,4.29403375e-16,1.30614523e-23,1.64158536e-32,7.41892015e-18,1.67642902e-16,5.08010442e-14,1.72297685e-16,0.754088628,6.76493211e-23,-1.5750125e-42,-1.09191838e-42,-5.27839415e-30,-4.21606185e-31
0.0245625,-0.0587943275,1.39490274,-4.9097657,971.635551,0.352982517,3.67315607e-07,6.09835869e-10,8.02617334e-07,0.175637701,9.56649918e-06,0.0463500852,8.27918989e-07,7.9882292e-07,-2.29662944e-26,-3.08556542e-33,2.1258569e-28,6.68362507e-30,2.85562601e-25,1.1423936e-23,9.39680137e-06,0.0232564598,1.70826451e-16,9.83774995e-19,1.57940298e-27,3.25067091e-27,2.00650432e-24,-2.3297908e-31,-1.70510949e-24,-2.31758032e-32,-2.14294655e-28,-2.34672035e-31,-5.42425178e-29,-1.4847383e-28,-7.01293348e-25,-1.80871094e-22,1.0925074e-17,1.73917551e-15,2.53295834e-15,3.22865899e-14,7.04200159e-15,6.90725855e-05,1.07158804e-05,3.91079744e-07,7.52660936e-11,4.82933134e-23,3.95069785e-16,1.24237578e-23,1.62386227e-34,6.8069214e-18,1.53822863e-16,4.58462374e-14,1.23735049e-16,0.754653814,6.30070935e-23,-3.81371415e-42,-2.01669224e-42,-4.42145867e-30,-4.77590559e-31
0.02475,-0.0566919426,1.34409011,-4.9097657,929.717828,0.369342979,3.47205145e-07,3.48647874e-10,5.77552359e-07,0.179596947,7.13173182e-06,0.0437974586,6.55512764e-07,8.02717111e-07,2.1981776e-26,-1.56694399e-32,1.01971726e-28,5.23050172e-30,3.02987988e-25,1.47124031e-23,8.51496932e-06,0.0213023547,9.04725552e-17,6.13563571e-19,5.90325528e-28,2.91728853e-27,2.77300591e-24,-9.60899288e-32,-1.45990389e-24,-1.29529504e-32,-2.62136879e-28,-2.61232083e-31,-8.410121e-29,-8.45668414e-29,-5.82092608e-25,-1.64083967e-22,4.38254955e-18,1.00447503e-15,2.23388788e-15,2.87367475e-14,3.49695029e-15,6.36166354e-05,1.09208762e-05,3.58038663e-07,5.5293719e-11,2.34562955e-23,3.62885059e-16,1.20357091e-23,4.72435128e-34,6.23057011e-18,1.40808526e-16,4.14103201e-14,8.72260267e-17,0.755210314,5.85566852e-23,-9.01635249e-42,-3.43471447e-42,-3.31308282e-30,-5.07955047e-31
0.025125,-0.0525730124,1.24188609,-4.9097657,849.017816,0.405412105,3.17507428e-07,1.17725073e-10,3.11103893e-07,0.187026914,4.21567813e-06,0.0388711663,3.91014982e-07,7.6191178e-07,-8.52272056e-27,2.60844488e-32,4.01303651e-29,3.32104028e-30,3.1253624e-25,2.24090625e-23,7.04282981e-06,0.0177250259,2.64670301e-17,2.48785134e-19,1.09535285e-28,3.55876275e-27,4.88028857e-24,-1.60315244e-32,-1.06928106e-24,-4.36959998e-33,-3.45530356e-28,-2.83113889e-31,-1.66811993e-28,-2.83710896e-29,-3.87727789e-25,-1.33969161e-22,8.07487851e-19,3.38724436e-16,1.87234728e-15,2.30579323e-14,8.6114537e-16,5.37480431e-05,1.07065255e-05,2.97510891e-07,3.04429859e-11,5.5144886e-24,3.04185757e-16,1.30534554e-23,2.86475343e-33,5.17870009e-18,1.17049691e-16,3.38117748e-14,4.185416e-17,0.756299102,5.02271084e-23,-5.04783053e-41,-8.00400504e-42,-1.4358429e-30,-4.97761937e-31
0.0255,-0.0485919648,1.13922817,-4.9097657,772.78515,0.44643722,2.94768282e-07,3.90510466e-11,1.67356869e-07,0.193818672,2.61125922e-06,0.0341929266,2.19403067e-07,6.95987631e-07,-1.57232967e-26,3.63372015e-33,2.21704503e-29,2.00760118e-30,2.88328353e-25,3.1129335e-23,5.82845726e-06,0.0145645225,7.62820058e-18,1.00891798e-19,3.95301642e-29,5.17267395e-27,7.78320886e-24,-2.42042323e-33,-7.59018282e-25,-1.50085457e-33,-3.91510372e-28,-2.65899346e-31,-2.70355154e-28,-9.68671716e-30,-2.55251254e-25,-1.07890957e-22,1.78170918e-19,1.1297777e-16,1.65529759e-15,1.86002136e-14,1.97949239e-16,4.51043223e-05,9.92153771e-06,2.44068165e-07,1.73393034e-11,1.22518478e-24,2.52001278e-16,1.6449489e-23,1.2430039e-33,4.2510678e-18,9.60887299e-17,2.74566972e-14,1.84804905e-17,0.757358792,4.2642048e-23,-3.05157302e-40,-1.53939647e-41,-4.8696445e-31,-4.19827353e-31
0.025875,-0.0447844459,1.03648729,-4.9097657,701.464741,0.492929569,2.75638513e-07,1.29401925e-11,8.92122985e-08,0.199969913,1.68124408e-06,0.0297817255,1.1869126e-07,6.24476466e-07,-2.49900198e-29,-3.97166263e-33,1.27437561e-29,1.14666437e-30,2.41733456e-25,4.03904755e-23,4.80573397e-06,0.0118049774,2.18854442e-18,4.19236969e-20,2.61042137e-29,7.07539834e-27,1.14777427e-23,-3.12027777e-34,-5.01146864e-25,-5.14393765e-34,-3.9138227e-28,-2.26763281e-31,-3.74570883e-28,-3.38385663e-30,-1.68761899e-25,-8.5554065e-23,5.01210197e-20,3.91826299e-17,1.48986541e-15,1.50437476e-14,4.29078997e-17,3.75439004e-05,8.81526001e-06,1.97465807e-07,1.07338605e-11,2.51500137e-25,2.05948173e-16,2.53636593e-23,-1.30657855e-34,3.44204999e-18,7.78041027e-17,2.2091685e-14,7.59564581e-18,0.758389232,3.58008351e-23,-1.30123975e-39,-2.53718724e-41,-1.52302477e-31,-3.15958326e-31
0.02625,-0.041187708,0.934052729,-4.9097657,635.497149,0.545263655,2.58417876e-07,4.30564091e-12,4.71223199e-08,0.20548139,1.1116005e-06,0.0256580951,6.32617129e-08,5.54248708e-07,2.90948932e-29,2.40719561e-33,7.0559252e-30,6.17362936e-31,1.86579502e-25,4.9748399e-23,3.93656705e-06,0.00942803751,6.24849585e-19,1.81070963e-20,2.06205926e-29,8.36346605e-27,1.59215822e-23,-3.08233543e-35,-2.82358893e-25,-1.70472379e-34,-3.48685613e-28,-1.79165594e-31,-4.56023255e-28,-1.21385688e-30,-1.12775941e-25,-6.67000417e-23,1.7672329e-20,1.45301345e-17,1.32999891e-15,1.21874604e-14,8.76686105e-18,3.09528013e-05,7.57767833e-06,1.57392427e-07,7.36772754e-12,4.65669687e-26,1.65786743e-16,4.7579828e-23,2.98081944e-34,2.74592477e-18,6.20695146e-17,1.75612268e-14,2.96132521e-18,0.759387818,2.9698571e-23,-2.28494825e-39,-3.69181698e-41,-4.61552299e-32,-2.17505711e-31
0.026625,-0.0378395076,0.832327109,-4.9097657,575.301138,0.60353658,2.42223641e-07,1.43840607e-12,2.47941295e-08,0.210358181,7.46273102e-07,0.0218437348,3.37829763e-08,4.8704596e-07,-1.24878179e-30,5.43985401e-34,3.71939973e-30,3.12987373e-31,1.34212911e-25,5.88267184e-23,3.1970864e-06,0.00741245773,1.76605109e-19,8.17833015e-21,1.66791463e-29,8.62502115e-27,2.10308279e-23,-1.57408664e-36,-9.65275047e-26,-5.253007e-35,-2.75071915e-28,-1.32273821e-31,-4.95109802e-28,-4.47832152e-31,-7.62360774e-26,-5.10636017e-23,7.19026779e-21,5.65745454e-18,1.16376541e-15,9.87661782e-15,1.68291214e-18,2.52450394e-05,6.33639029e-06,1.23478492e-07,5.44826921e-12,7.64699893e-27,1.31291744e-16,7.98711561e-23,-3.05206314e-34,2.15629072e-18,4.8741482e-17,1.37633624e-14,1.11318141e-18,0.76034919,2.43247786e-23,-4.34708378e-39,-4.96835087e-41,-1.34996602e-32,-1.39588312e-31
0.027,-0.0347757531,0.73171771,-4.9097657,521.239431,0.667391232,2.2660936e-07,4.82789398e-13,1.30936611e-08,0.214611207,5.04547441e-07,0.0183604706,1.83052374e-08,4.23045776e-07,3.46708418e-30,-2.32253578e-35,1.86411612e-30,1.49397116e-31,9.08810612e-26,6.7329527e-23,2.57091465e-06,0.00573370483,4.92102922e-20,3.8662875e-21,1.3412327e-29,8.02033944e-27,2.66721117e-23,1.76392431e-37,5.96360198e-26,-1.41380653e-35,-1.8518542e-28,-9.09800912e-32,-4.81911037e-28,-1.69430519e-31,-5.20112529e-26,-3.83582415e-23,3.10076385e-21,2.22384463e-18,9.97070226e-16,7.98826782e-15,3.04124001e-19,2.03524024e-05,5.17143315e-06,9.52949607e-08,4.10481594e-12,1.10988795e-27,1.02197579e-16,9.56291831e-23,-1.38238967e-34,1.66580833e-18,3.76545193e-17,1.06215067e-14,4.08568589e-19,0.761265242,1.96618123e-23,-1.28125601e-38,-6.17448945e-41,-3.73035188e-33,-8.48379214e-32
0.027375,-0.032026976,0.632621992,-4.9097657,473.570735,0.735839894,2.11377937e-07,1.6362862e-13,6.99697967e-09,0.218258989,3.41977407e-07,0.0152283388,1.01546277e-08,3.62310496e-07,5.70379801e-30,6.45988823e-35,8.60361441e-31,6.50964349e-32,5.65118845e-26,7.50456732e-23,2.04562624e-06,0.00436367317,1.35369536e-20,1.90970196e-21,1.06792305e-29,6.85482466e-27,3.26611921e-23,6.68144421e-38,1.88614892e-25,-2.79181249e-36,-9.25614796e-29,-5.75085162e-32,-4.1695144e-28,-6.53083068e-32,-3.5681776e-26,-2.8272427e-23,1.35936762e-21,8.73153495e-19,8.39763062e-16,6.43132986e-15,5.24209076e-20,1.6214408e-05,4.12948647e-06,7.23508577e-08,3.03057588e-12,1.44428438e-28,7.81714105e-17,9.02980411e-23,-1.63871776e-34,1.26608372e-18,2.86190215e-17,8.06830032e-15,1.48331052e-19,0.762125604,1.56831225e-23,-4.03659632e-38,-6.86668523e-41,-9.34225931e-34,-4.98278644e-32
0.02775,-0.0296140963,0.535406055,-4.9097657,432.396408,0.807161283,1.96481055e-07,5.65937624e-14,3.81603413e-09,0.221329404,2.32206008e-07,0.0124627417,5.79974987e-09,3.0529168e-07,-1.70782774e-29,-1.01110785e-34,2.4111718e-31,1.70999136e-32,2.13617111e-26,8.18464628e-23,1.61072022e-06,0.00327067914,3.708894e-21,9.83078132e-22,8.43345602e-30,5.43386098e-27,3.87814497e-23,1.35908908e-38,2.92899932e-25,2.17257009e-38,-7.17790135e-30,-3.20736162e-32,-3.08337002e-28,-2.55115874e-32,-2.45370427e-26,-2.04717695e-23,6.08679754e-22,3.53508702e-19,6.98863821e-16,5.14311078e-15,8.85379682e-21,1.2770965e-05,3.23375575e-06,5.409493e-08,2.17525618e-12,1.74376027e-29,5.87998045e-17,7.52082738e-23,-1.46556849e-35,9.47671407e-19,2.14215196e-17,6.03739735e-15,5.42024399e-20,0.762918762,1.23516776e-23,-3.22400149e-38,-6.23242495e-41,-1.87809004e-34,-2.94556207e-32
0.028125,-0.0275444405,0.440376909,-4.9097657,397.615932,0.878963757,1.81958978e-07,2.02825956e-14,2.14338717e-09,0.223860942,1.58442566e-07,0.0100709997,3.42221577e-09,2.52833596e-07,2.15848508e-29,3.26076516e-35,-4.23696314e-31,-2.81325997e-32,-5.06696513e-26,8.76780576e-23,1.25641244e-06,0.0024199405,1.02883519e-21,5.26744164e-22,6.63768808e-30,4.0270327e-27,4.48431243e-23,3.45492937e-34,3.75241214e-25,4.60990256e-37,6.52385351e-29,-1.86638734e-32,-2.31202636e-28,-3.39539129e-31,-1.68947511e-26,-1.46068004e-23,2.85804287e-22,1.54739057e-19,5.77367518e-16,4.08127584e-15,1.52487187e-21,9.95786408e-06,2.49050151e-06,3.99253726e-08,1.53328204e-12,2.06443093e-30,4.35875912e-17,5.86571119e-23,-7.65232531e-36,7.00230748e-19,1.58282818e-17,4.46030305e-15,2.03920567e-20,0.763633775,9.61907323e-24,-2.19496019e-38,-5.10404905e-41,-1.13112105e-35,-1.91613982e-32
0.0285,-0.0258092809,0.347752938,-4.9097657,368.907663,0.948472998,1.67900266e-07,7.66788455e-15,1.2496505e-09,0.225902786,1.094015e-07,0.0080491464,2.09136167e-09,2.05890626e-07,-2.08507913e-30,8.07412421e-37,-1.75232217e-30,-1.08704875e-31,-2.82189771e-25,9.25501629e-23,9.72982598e-07,0.00177469307,2.95397918e-22,2.94590827e-22,5.25880493e-30,2.75378805e-27,5.08302801e-23,2.05829364e-28,4.38644607e-25,3.687175e-37,1.2336802e-28,-1.13507226e-32,-1.7673705e-28,-6.07051155e-27,-1.16752134e-26,-1.03262556e-23,1.43376222e-22,7.52624378e-20,4.75331967e-16,3.21524098e-15,2.80905849e-22,7.70500198e-06,1.89371811e-06,2.9210056e-08,1.07748506e-12,2.55689677e-31,3.19718009e-17,4.41838533e-23,-8.43390667e-37,5.12869598e-19,1.15931017e-17,3.26656542e-15,8.06981641e-21,0.764262287,7.42597734e-24,-1.52240671e-38,-3.97834821e-41,1.90822099e-35,-1.52186215e-32
0.02925,-0.0231871774,0.169865841,-4.9097657,326.89574,1.07229054,1.41606246e-07,1.51439298e-15,5.81153845e-10,0.22880108,5.91829189e-08,0.00499867724,9.49785046e-10,1.29250652e-07,3.85302945e-32,2.60992782e-41,-1.37161626e-32,-7.50995661e-34,-3.65046e-27,-1.39954118e-22,5.73673731e-07,0.000935360231,3.2379785e-23,1.27676958e-22,3.75809531e-30,1.59640252e-27,6.38757795e-23,1.1573451e-35,-8.71808673e-26,5.18463347e-38,6.46616717e-29,-4.0329651e-33,-8.93044448e-29,4.40613711e-32,-5.60384789e-27,-5.06040029e-24,5.15558371e-23,2.5168639e-20,3.22582013e-16,1.95899949e-15,1.51070395e-23,4.53024074e-06,1.05792195e-06,1.53273638e-08,5.61486088e-13,5.91275192e-33,1.67834302e-17,2.34388342e-23,-9.38767437e-41,2.69691217e-19,6.09620527e-18,1.71763404e-15,1.74079515e-21,0.765258374,4.332353e-24,-6.10292897e-39,-1.92672833e-41,3.3995836e-36,-5.07302769e-33
0.03,-0.0213705795,0,-4.9097657,300,1.16983257,1.1810656e-07,1.34392088e-15,3.93470483e-10,0.230587692,3.98187381e-08,0.00298331307,5.43440026e-10,7.37343436e-08,6.94317959e-26,-3.45012133e-41,-8.20679683e-33,-4.49343531e-34,-2.16398115e-27,-8.28297064e-23,3.27940341e-07,0.000472187329,1.63750791e-23,8.1076513e-23,1.88477755e-30,8.00635423e-28,7.33647018e-23,6.03727329e-36,-4.52519313e-26,2.67780684e-38,3.29755325e-29,-1.9810741e-33,-4.36777455e-29,2.73003423e-32,-2.61176649e-27,-2.35848307e-24,3.36636509e-23,1.73254343e-20,2.20555543e-16,1.15440421e-15,8.60081135e-24,2.58050346e-06,5.59821343e-07,7.70312999e-09,3.20409704e-13,3.37235781e-33,8.39611583e-18,1.16709323e-23,-5.81631307e-41,1.35843306e-19,3.07065505e-18,8.6517128e-16,8.78912305e-22,0.765953099,2.43827173e-24,-2.59746487e-39,-8.18238109e-42,1.58247273e-36,-2.35334183e-33
